-- MySQL dump 10.13  Distrib 9.0.1, for macos14.4 (x86_64)
--
-- Host: localhost    Database: rearview
-- ------------------------------------------------------
-- Server version	9.0.1

/*!40101 SET @OLD_CHARACTER_SET_CLIENT=@@CHARACTER_SET_CLIENT */;
/*!40101 SET @OLD_CHARACTER_SET_RESULTS=@@CHARACTER_SET_RESULTS */;
/*!40101 SET @OLD_COLLATION_CONNECTION=@@COLLATION_CONNECTION */;
/*!50503 SET NAMES utf8mb4 */;
/*!40103 SET @OLD_TIME_ZONE=@@TIME_ZONE */;
/*!40103 SET TIME_ZONE='+00:00' */;
/*!40014 SET @OLD_UNIQUE_CHECKS=@@UNIQUE_CHECKS, UNIQUE_CHECKS=0 */;
/*!40014 SET @OLD_FOREIGN_KEY_CHECKS=@@FOREIGN_KEY_CHECKS, FOREIGN_KEY_CHECKS=0 */;
/*!40101 SET @OLD_SQL_MODE=@@SQL_MODE, SQL_MODE='NO_AUTO_VALUE_ON_ZERO' */;
/*!40111 SET @OLD_SQL_NOTES=@@SQL_NOTES, SQL_NOTES=0 */;

--
-- Current Database: `rearview`
--

CREATE DATABASE /*!32312 IF NOT EXISTS*/ `rearview` /*!40100 DEFAULT CHARACTER SET utf8mb4 COLLATE utf8mb4_0900_ai_ci */ /*!80016 DEFAULT ENCRYPTION='N' */;

USE `rearview`;

--
-- Table structure for table `activity_logs`
--

DROP TABLE IF EXISTS `activity_logs`;
/*!40101 SET @saved_cs_client     = @@character_set_client */;
/*!50503 SET character_set_client = utf8mb4 */;
CREATE TABLE `activity_logs` (
  `id` int NOT NULL AUTO_INCREMENT,
  `user_id` int NOT NULL,
  `action_type` varchar(50) NOT NULL,
  `description` text,
  `ip_address` varchar(45) DEFAULT NULL,
  `created_at` timestamp NULL DEFAULT CURRENT_TIMESTAMP,
  PRIMARY KEY (`id`),
  KEY `idx_activity_user` (`user_id`),
  KEY `idx_activity_type` (`action_type`),
  CONSTRAINT `activity_logs_ibfk_1` FOREIGN KEY (`user_id`) REFERENCES `users` (`id`)
) ENGINE=InnoDB AUTO_INCREMENT=1536 DEFAULT CHARSET=utf8mb4 COLLATE=utf8mb4_0900_ai_ci;
/*!40101 SET character_set_client = @saved_cs_client */;

--
-- Dumping data for table `activity_logs`
--

LOCK TABLES `activity_logs` WRITE;
/*!40000 ALTER TABLE `activity_logs` DISABLE KEYS */;
INSERT INTO `activity_logs` VALUES (1,11,'LOGIN',NULL,'127.0.0.1','2025-02-15 21:58:41'),(2,11,'GET /1/stats',NULL,'127.0.0.1','2025-02-15 21:59:05'),(3,11,'GET /1/stats',NULL,'127.0.0.1','2025-02-15 22:03:07'),(4,2,'LOGIN',NULL,'127.0.0.1','2025-02-15 23:05:29'),(5,2,'POST /',NULL,'127.0.0.1','2025-02-15 23:07:53'),(6,2,'POST /',NULL,'127.0.0.1','2025-02-15 23:08:37'),(7,2,'POST /',NULL,'127.0.0.1','2025-02-15 23:09:31'),(8,2,'POST /',NULL,'127.0.0.1','2025-02-15 23:10:14'),(9,2,'POST /',NULL,'127.0.0.1','2025-02-15 23:11:41'),(10,2,'POST /',NULL,'127.0.0.1','2025-02-15 23:12:49'),(11,2,'POST /',NULL,'127.0.0.1','2025-02-15 23:14:55'),(12,2,'POST /',NULL,'127.0.0.1','2025-02-15 23:16:00'),(13,2,'POST /',NULL,'127.0.0.1','2025-02-15 23:23:04'),(14,2,'POST /',NULL,'127.0.0.1','2025-02-15 23:46:57'),(15,2,'GET /',NULL,'127.0.0.1','2025-02-15 23:47:09'),(16,12,'LOGIN',NULL,'127.0.0.1','2025-02-16 00:36:52'),(17,12,'GET /12/stats',NULL,'127.0.0.1','2025-02-16 00:36:52'),(18,12,'GET /12/stats',NULL,'127.0.0.1','2025-02-16 00:36:52'),(19,11,'LOGIN',NULL,'127.0.0.1','2025-02-16 00:37:13'),(20,11,'GET /11/stats',NULL,'127.0.0.1','2025-02-16 00:37:13'),(21,11,'GET /11/stats',NULL,'127.0.0.1','2025-02-16 00:37:13'),(22,2,'LOGIN',NULL,'127.0.0.1','2025-02-16 00:38:16'),(23,2,'GET /2/stats',NULL,'127.0.0.1','2025-02-16 00:38:16'),(24,2,'GET /2/stats',NULL,'127.0.0.1','2025-02-16 00:38:16'),(25,2,'GET /search',NULL,'127.0.0.1','2025-02-16 00:38:24'),(26,2,'GET /search',NULL,'127.0.0.1','2025-02-16 00:38:27'),(27,2,'GET /search',NULL,'127.0.0.1','2025-02-16 00:38:29'),(28,2,'LOGIN',NULL,'127.0.0.1','2025-02-16 00:48:15'),(29,2,'GET /2/stats',NULL,'127.0.0.1','2025-02-16 00:48:15'),(30,2,'GET /2/stats',NULL,'127.0.0.1','2025-02-16 00:48:15'),(31,2,'GET /',NULL,'127.0.0.1','2025-02-16 00:48:18'),(32,2,'GET /search',NULL,'127.0.0.1','2025-02-16 00:48:27'),(33,2,'GET /2/stats',NULL,'127.0.0.1','2025-02-16 00:48:42'),(34,2,'GET /2/stats',NULL,'127.0.0.1','2025-02-16 00:48:42'),(35,2,'GET /',NULL,'127.0.0.1','2025-02-16 00:48:46'),(36,2,'LOGIN',NULL,'127.0.0.1','2025-02-16 00:54:52'),(37,2,'GET /2/stats',NULL,'127.0.0.1','2025-02-16 00:54:52'),(38,2,'GET /2/stats',NULL,'127.0.0.1','2025-02-16 00:54:52'),(39,2,'GET /',NULL,'127.0.0.1','2025-02-16 00:54:54'),(40,2,'GET /',NULL,'127.0.0.1','2025-02-16 00:54:56'),(41,2,'GET /2/stats',NULL,'127.0.0.1','2025-02-16 00:54:57'),(42,2,'GET /2/stats',NULL,'127.0.0.1','2025-02-16 00:55:01'),(43,2,'GET /2/stats',NULL,'127.0.0.1','2025-02-16 00:55:01'),(44,2,'LOGIN',NULL,'127.0.0.1','2025-02-16 00:55:15'),(45,2,'GET /2/stats',NULL,'127.0.0.1','2025-02-16 00:55:15'),(46,2,'GET /2/stats',NULL,'127.0.0.1','2025-02-16 00:55:15'),(47,2,'LOGIN',NULL,'127.0.0.1','2025-02-16 00:56:54'),(48,2,'GET /2/stats',NULL,'127.0.0.1','2025-02-16 00:56:54'),(49,2,'GET /2/stats',NULL,'127.0.0.1','2025-02-16 00:56:54'),(50,2,'GET /',NULL,'127.0.0.1','2025-02-16 00:56:56'),(51,2,'GET /2/stats',NULL,'127.0.0.1','2025-02-16 00:57:00'),(52,2,'LOGIN',NULL,'127.0.0.1','2025-02-16 01:00:31'),(53,2,'GET /2/stats',NULL,'127.0.0.1','2025-02-16 01:00:31'),(54,2,'GET /2/stats',NULL,'127.0.0.1','2025-02-16 01:00:31'),(55,2,'GET /',NULL,'127.0.0.1','2025-02-16 01:00:45'),(56,2,'LOGIN',NULL,'127.0.0.1','2025-02-16 01:02:23'),(57,2,'GET /2/stats',NULL,'127.0.0.1','2025-02-16 01:02:23'),(58,2,'GET /2/stats',NULL,'127.0.0.1','2025-02-16 01:02:23'),(59,2,'GET /',NULL,'127.0.0.1','2025-02-16 01:02:24'),(60,2,'LOGIN',NULL,'127.0.0.1','2025-02-16 01:04:05'),(61,2,'GET /2/stats',NULL,'127.0.0.1','2025-02-16 01:04:06'),(62,2,'GET /2/stats',NULL,'127.0.0.1','2025-02-16 01:04:06'),(63,2,'GET /',NULL,'127.0.0.1','2025-02-16 01:04:07'),(64,2,'LOGIN',NULL,'127.0.0.1','2025-02-16 01:07:44'),(65,2,'GET /2/stats',NULL,'127.0.0.1','2025-02-16 01:07:44'),(66,2,'GET /2/stats',NULL,'127.0.0.1','2025-02-16 01:07:44'),(67,2,'GET /',NULL,'127.0.0.1','2025-02-16 01:07:46'),(68,2,'GET /2/stats',NULL,'127.0.0.1','2025-02-16 01:07:47'),(69,2,'GET /',NULL,'127.0.0.1','2025-02-16 01:07:49'),(70,2,'LOGIN',NULL,'127.0.0.1','2025-02-16 01:11:42'),(71,2,'GET /2/stats',NULL,'127.0.0.1','2025-02-16 01:11:42'),(72,2,'GET /2/stats',NULL,'127.0.0.1','2025-02-16 01:11:42'),(73,2,'GET /',NULL,'127.0.0.1','2025-02-16 01:11:43'),(74,2,'GET /2/stats',NULL,'127.0.0.1','2025-02-16 01:11:46'),(75,2,'GET /',NULL,'127.0.0.1','2025-02-16 01:11:50'),(76,2,'GET /2/stats',NULL,'127.0.0.1','2025-02-16 01:11:52'),(77,2,'LOGIN',NULL,'127.0.0.1','2025-02-16 01:12:42'),(78,2,'GET /2/stats',NULL,'127.0.0.1','2025-02-16 01:12:42'),(79,2,'GET /2/stats',NULL,'127.0.0.1','2025-02-16 01:12:42'),(80,2,'LOGIN',NULL,'127.0.0.1','2025-02-16 01:13:04'),(81,2,'GET /2/stats',NULL,'127.0.0.1','2025-02-16 01:13:04'),(82,2,'GET /2/stats',NULL,'127.0.0.1','2025-02-16 01:13:04'),(83,2,'LOGIN',NULL,'127.0.0.1','2025-02-16 01:28:24'),(84,2,'GET /2/stats',NULL,'127.0.0.1','2025-02-16 01:28:24'),(85,2,'GET /2/stats',NULL,'127.0.0.1','2025-02-16 01:28:24'),(86,2,'GET /search',NULL,'127.0.0.1','2025-02-16 01:28:31'),(87,2,'LOGIN',NULL,'127.0.0.1','2025-02-16 01:30:10'),(88,2,'GET /2/stats',NULL,'127.0.0.1','2025-02-16 01:30:10'),(89,2,'GET /2/stats',NULL,'127.0.0.1','2025-02-16 01:30:10'),(90,2,'GET /search',NULL,'127.0.0.1','2025-02-16 01:30:16'),(91,2,'POST /',NULL,'127.0.0.1','2025-02-16 01:30:34'),(92,2,'LOGIN',NULL,'127.0.0.1','2025-02-16 01:31:36'),(93,2,'GET /2/stats',NULL,'127.0.0.1','2025-02-16 01:31:36'),(94,2,'GET /2/stats',NULL,'127.0.0.1','2025-02-16 01:31:36'),(95,2,'GET /search',NULL,'127.0.0.1','2025-02-16 01:31:53'),(96,2,'POST /',NULL,'127.0.0.1','2025-02-16 01:32:03'),(97,2,'LOGIN',NULL,'127.0.0.1','2025-02-16 01:33:24'),(98,2,'GET /2/stats',NULL,'127.0.0.1','2025-02-16 01:33:24'),(99,2,'GET /2/stats',NULL,'127.0.0.1','2025-02-16 01:33:24'),(100,2,'GET /search',NULL,'127.0.0.1','2025-02-16 01:33:32'),(101,2,'POST /',NULL,'127.0.0.1','2025-02-16 01:33:45'),(102,2,'LOGIN',NULL,'127.0.0.1','2025-02-16 01:34:36'),(103,2,'GET /2/stats',NULL,'127.0.0.1','2025-02-16 01:34:36'),(104,2,'GET /2/stats',NULL,'127.0.0.1','2025-02-16 01:34:36'),(105,11,'LOGIN',NULL,'127.0.0.1','2025-02-16 01:34:49'),(106,11,'GET /11/stats',NULL,'127.0.0.1','2025-02-16 01:34:49'),(107,11,'GET /11/stats',NULL,'127.0.0.1','2025-02-16 01:34:49'),(108,12,'LOGIN',NULL,'127.0.0.1','2025-02-16 01:34:56'),(109,12,'GET /12/stats',NULL,'127.0.0.1','2025-02-16 01:34:56'),(110,12,'GET /12/stats',NULL,'127.0.0.1','2025-02-16 01:34:56'),(111,12,'GET /',NULL,'127.0.0.1','2025-02-16 01:35:03'),(112,12,'GET /search',NULL,'127.0.0.1','2025-02-16 01:35:20'),(113,12,'POST /',NULL,'127.0.0.1','2025-02-16 01:35:28'),(114,12,'LOGIN',NULL,'127.0.0.1','2025-02-16 01:37:18'),(115,12,'GET /12/stats',NULL,'127.0.0.1','2025-02-16 01:37:18'),(116,12,'GET /12/stats',NULL,'127.0.0.1','2025-02-16 01:37:18'),(117,2,'LOGIN',NULL,'127.0.0.1','2025-02-16 01:37:24'),(118,2,'GET /2/stats',NULL,'127.0.0.1','2025-02-16 01:37:24'),(119,2,'GET /2/stats',NULL,'127.0.0.1','2025-02-16 01:37:24'),(120,2,'POST /',NULL,'127.0.0.1','2025-02-16 01:42:19'),(121,2,'POST /',NULL,'127.0.0.1','2025-02-16 01:42:44'),(122,2,'LOGIN',NULL,'127.0.0.1','2025-02-16 01:43:05'),(123,2,'GET /2/stats',NULL,'127.0.0.1','2025-02-16 01:43:05'),(124,2,'GET /2/stats',NULL,'127.0.0.1','2025-02-16 01:43:05'),(125,2,'LOGIN',NULL,'127.0.0.1','2025-02-16 01:57:23'),(126,2,'GET /2/stats',NULL,'127.0.0.1','2025-02-16 01:57:23'),(127,2,'GET /2/stats',NULL,'127.0.0.1','2025-02-16 01:57:23'),(128,2,'LOGIN',NULL,'127.0.0.1','2025-02-16 02:03:12'),(129,2,'GET /2/stats',NULL,'127.0.0.1','2025-02-16 02:03:12'),(130,2,'GET /2/stats',NULL,'127.0.0.1','2025-02-16 02:03:12'),(131,2,'GET /2/stats',NULL,'127.0.0.1','2025-02-16 02:03:12'),(132,2,'GET /2/stats',NULL,'127.0.0.1','2025-02-16 02:03:12'),(133,2,'LOGIN',NULL,'127.0.0.1','2025-02-16 02:05:36'),(134,2,'GET /2/stats',NULL,'127.0.0.1','2025-02-16 02:05:36'),(135,2,'GET /2/stats',NULL,'127.0.0.1','2025-02-16 02:05:36'),(136,2,'GET /2/stats',NULL,'127.0.0.1','2025-02-16 02:05:36'),(137,2,'GET /2/stats',NULL,'127.0.0.1','2025-02-16 02:05:36'),(138,2,'LOGIN',NULL,'127.0.0.1','2025-02-16 02:07:15'),(139,2,'GET /2/stats',NULL,'127.0.0.1','2025-02-16 02:07:15'),(140,2,'GET /2/stats',NULL,'127.0.0.1','2025-02-16 02:07:15'),(141,2,'GET /2/stats',NULL,'127.0.0.1','2025-02-16 02:07:15'),(142,2,'GET /2/stats',NULL,'127.0.0.1','2025-02-16 02:07:15'),(143,2,'LOGIN',NULL,'127.0.0.1','2025-02-16 02:11:04'),(144,2,'GET /2/stats',NULL,'127.0.0.1','2025-02-16 02:11:04'),(145,2,'GET /2/stats',NULL,'127.0.0.1','2025-02-16 02:11:04'),(146,2,'GET /2/stats',NULL,'127.0.0.1','2025-02-16 02:11:04'),(147,2,'GET /2/stats',NULL,'127.0.0.1','2025-02-16 02:11:04'),(148,2,'LOGIN',NULL,'127.0.0.1','2025-02-16 02:13:40'),(149,2,'GET /2/stats',NULL,'127.0.0.1','2025-02-16 02:13:40'),(150,2,'GET /2/stats',NULL,'127.0.0.1','2025-02-16 02:13:40'),(151,2,'GET /2/stats',NULL,'127.0.0.1','2025-02-16 02:13:40'),(152,2,'GET /2/stats',NULL,'127.0.0.1','2025-02-16 02:13:40'),(153,2,'LOGIN',NULL,'127.0.0.1','2025-02-16 02:49:09'),(154,2,'GET /2/stats',NULL,'127.0.0.1','2025-02-16 02:49:09'),(155,2,'GET /2/stats',NULL,'127.0.0.1','2025-02-16 02:49:09'),(156,2,'GET /2/stats',NULL,'127.0.0.1','2025-02-16 03:00:20'),(157,2,'LOGIN',NULL,'127.0.0.1','2025-02-16 03:03:14'),(158,2,'GET /2/stats',NULL,'127.0.0.1','2025-02-16 03:03:14'),(159,2,'GET /2/stats',NULL,'127.0.0.1','2025-02-16 03:03:14'),(160,2,'LOGIN',NULL,'127.0.0.1','2025-02-16 03:05:15'),(161,2,'GET /2/stats',NULL,'127.0.0.1','2025-02-16 03:05:15'),(162,2,'GET /2/stats',NULL,'127.0.0.1','2025-02-16 03:05:15'),(163,12,'LOGIN',NULL,'127.0.0.1','2025-02-16 03:05:24'),(164,12,'GET /12/stats',NULL,'127.0.0.1','2025-02-16 03:05:24'),(165,12,'GET /12/stats',NULL,'127.0.0.1','2025-02-16 03:05:24'),(166,11,'LOGIN',NULL,'127.0.0.1','2025-02-16 03:05:30'),(167,11,'GET /11/stats',NULL,'127.0.0.1','2025-02-16 03:05:30'),(168,11,'GET /11/stats',NULL,'127.0.0.1','2025-02-16 03:05:30'),(169,12,'LOGIN',NULL,'127.0.0.1','2025-02-16 03:05:38'),(170,12,'GET /12/stats',NULL,'127.0.0.1','2025-02-16 03:05:38'),(171,12,'GET /12/stats',NULL,'127.0.0.1','2025-02-16 03:05:38'),(172,12,'LOGIN',NULL,'127.0.0.1','2025-02-16 03:05:44'),(173,12,'GET /12/stats',NULL,'127.0.0.1','2025-02-16 03:05:44'),(174,12,'GET /12/stats',NULL,'127.0.0.1','2025-02-16 03:05:44'),(175,12,'LOGIN',NULL,'127.0.0.1','2025-02-16 03:06:07'),(176,12,'GET /12/stats',NULL,'127.0.0.1','2025-02-16 03:06:07'),(177,12,'GET /12/stats',NULL,'127.0.0.1','2025-02-16 03:06:07'),(178,12,'LOGIN',NULL,'127.0.0.1','2025-02-16 03:07:02'),(179,12,'GET /12/stats',NULL,'127.0.0.1','2025-02-16 03:07:02'),(180,12,'GET /12/stats',NULL,'127.0.0.1','2025-02-16 03:07:02'),(181,12,'LOGIN',NULL,'127.0.0.1','2025-02-16 03:08:57'),(182,12,'GET /12/stats',NULL,'127.0.0.1','2025-02-16 03:08:58'),(183,12,'GET /12/stats',NULL,'127.0.0.1','2025-02-16 03:08:58'),(184,12,'GET /12/stats',NULL,'127.0.0.1','2025-02-16 03:09:38'),(185,12,'GET /12/stats',NULL,'127.0.0.1','2025-02-16 03:09:38'),(186,12,'GET /',NULL,'127.0.0.1','2025-02-16 03:09:42'),(187,12,'GET /',NULL,'127.0.0.1','2025-02-16 03:09:45'),(188,12,'GET /',NULL,'127.0.0.1','2025-02-16 03:09:45'),(189,12,'GET /',NULL,'127.0.0.1','2025-02-16 03:09:46'),(190,12,'GET /',NULL,'127.0.0.1','2025-02-16 03:09:47'),(191,12,'GET /',NULL,'127.0.0.1','2025-02-16 03:09:47'),(192,12,'GET /',NULL,'127.0.0.1','2025-02-16 03:09:49'),(193,12,'GET /',NULL,'127.0.0.1','2025-02-16 03:09:49'),(194,12,'GET /',NULL,'127.0.0.1','2025-02-16 03:09:49'),(195,12,'GET /',NULL,'127.0.0.1','2025-02-16 03:09:51'),(196,12,'GET /',NULL,'127.0.0.1','2025-02-16 03:09:51'),(197,12,'GET /',NULL,'127.0.0.1','2025-02-16 03:09:56'),(198,12,'GET /',NULL,'127.0.0.1','2025-02-16 03:09:56'),(199,12,'GET /',NULL,'127.0.0.1','2025-02-16 03:09:59'),(200,12,'GET /',NULL,'127.0.0.1','2025-02-16 03:10:00'),(201,12,'GET /',NULL,'127.0.0.1','2025-02-16 03:10:00'),(202,12,'GET /',NULL,'127.0.0.1','2025-02-16 03:10:01'),(203,12,'GET /12/stats',NULL,'127.0.0.1','2025-02-16 03:17:37'),(204,11,'LOGIN',NULL,'127.0.0.1','2025-02-16 03:19:39'),(205,11,'GET /11/stats',NULL,'127.0.0.1','2025-02-16 03:19:39'),(206,11,'GET /11/stats',NULL,'127.0.0.1','2025-02-16 03:19:39'),(207,2,'LOGIN',NULL,'127.0.0.1','2025-02-16 03:19:44'),(208,2,'GET /2/stats',NULL,'127.0.0.1','2025-02-16 03:19:44'),(209,2,'GET /2/stats',NULL,'127.0.0.1','2025-02-16 03:19:44'),(210,12,'LOGIN',NULL,'127.0.0.1','2025-02-16 03:19:49'),(211,12,'GET /12/stats',NULL,'127.0.0.1','2025-02-16 03:19:49'),(212,12,'GET /12/stats',NULL,'127.0.0.1','2025-02-16 03:19:49'),(213,12,'GET /',NULL,'127.0.0.1','2025-02-16 03:22:42'),(214,12,'POST /',NULL,'127.0.0.1','2025-02-16 03:22:58'),(215,12,'POST /',NULL,'127.0.0.1','2025-02-16 03:23:04'),(216,12,'POST /',NULL,'127.0.0.1','2025-02-16 03:23:04'),(217,12,'POST /',NULL,'127.0.0.1','2025-02-16 03:25:35'),(218,12,'GET /',NULL,'127.0.0.1','2025-02-16 03:25:39'),(219,12,'POST /',NULL,'127.0.0.1','2025-02-16 03:25:46'),(220,12,'POST /',NULL,'127.0.0.1','2025-02-16 03:25:47'),(221,12,'LOGIN',NULL,'127.0.0.1','2025-02-16 03:25:54'),(222,12,'GET /12/stats',NULL,'127.0.0.1','2025-02-16 03:25:54'),(223,12,'GET /12/stats',NULL,'127.0.0.1','2025-02-16 03:25:54'),(224,12,'GET /',NULL,'127.0.0.1','2025-02-16 03:26:05'),(225,12,'GET /',NULL,'127.0.0.1','2025-02-16 03:26:11'),(226,12,'GET /',NULL,'127.0.0.1','2025-02-16 03:26:11'),(227,12,'POST /',NULL,'127.0.0.1','2025-02-16 03:26:25'),(228,12,'POST /',NULL,'127.0.0.1','2025-02-16 03:26:27'),(229,12,'POST /',NULL,'127.0.0.1','2025-02-16 03:26:31'),(230,12,'GET /',NULL,'127.0.0.1','2025-02-16 03:26:37'),(231,12,'GET /',NULL,'127.0.0.1','2025-02-16 03:26:38'),(232,12,'GET /12/stats',NULL,'127.0.0.1','2025-02-16 03:27:51'),(233,12,'GET /12/stats',NULL,'127.0.0.1','2025-02-16 03:27:51'),(234,12,'GET /',NULL,'127.0.0.1','2025-02-16 03:27:51'),(235,12,'GET /',NULL,'127.0.0.1','2025-02-16 03:27:51'),(236,12,'GET /',NULL,'127.0.0.1','2025-02-16 03:27:55'),(237,12,'POST /',NULL,'127.0.0.1','2025-02-16 03:27:59'),(238,12,'GET /',NULL,'127.0.0.1','2025-02-16 03:28:48'),(239,12,'GET /12/stats',NULL,'127.0.0.1','2025-02-16 03:28:48'),(240,12,'GET /',NULL,'127.0.0.1','2025-02-16 03:28:48'),(241,12,'GET /12/stats',NULL,'127.0.0.1','2025-02-16 03:28:48'),(242,12,'GET /',NULL,'127.0.0.1','2025-02-16 03:28:52'),(243,12,'POST /',NULL,'127.0.0.1','2025-02-16 03:28:55'),(244,12,'POST /',NULL,'127.0.0.1','2025-02-16 03:28:58'),(245,12,'GET /',NULL,'127.0.0.1','2025-02-16 03:30:13'),(246,12,'GET /12/stats',NULL,'127.0.0.1','2025-02-16 03:30:13'),(247,12,'GET /',NULL,'127.0.0.1','2025-02-16 03:30:13'),(248,12,'GET /12/stats',NULL,'127.0.0.1','2025-02-16 03:30:13'),(249,12,'GET /',NULL,'127.0.0.1','2025-02-16 03:30:19'),(250,12,'POST /',NULL,'127.0.0.1','2025-02-16 03:30:20'),(251,12,'POST /',NULL,'127.0.0.1','2025-02-16 03:42:30'),(252,12,'GET /',NULL,'127.0.0.1','2025-02-16 03:43:49'),(253,12,'GET /',NULL,'127.0.0.1','2025-02-16 03:43:49'),(254,12,'GET /',NULL,'127.0.0.1','2025-02-16 03:43:50'),(255,12,'GET /',NULL,'127.0.0.1','2025-02-16 03:43:51'),(256,12,'GET /',NULL,'127.0.0.1','2025-02-16 03:43:53'),(257,12,'POST /',NULL,'127.0.0.1','2025-02-16 03:43:54'),(258,12,'GET /',NULL,'127.0.0.1','2025-02-16 03:44:44'),(259,12,'GET /12/stats',NULL,'127.0.0.1','2025-02-16 03:44:44'),(260,12,'GET /',NULL,'127.0.0.1','2025-02-16 03:44:44'),(261,12,'GET /12/stats',NULL,'127.0.0.1','2025-02-16 03:44:44'),(262,12,'GET /',NULL,'127.0.0.1','2025-02-16 03:44:49'),(263,12,'POST /',NULL,'127.0.0.1','2025-02-16 03:44:51'),(264,12,'GET /',NULL,'127.0.0.1','2025-02-16 03:49:14'),(265,12,'GET /12/stats',NULL,'127.0.0.1','2025-02-16 03:49:14'),(266,12,'GET /',NULL,'127.0.0.1','2025-02-16 03:49:14'),(267,12,'GET /12/stats',NULL,'127.0.0.1','2025-02-16 03:49:14'),(268,12,'GET /',NULL,'127.0.0.1','2025-02-16 03:49:21'),(269,12,'POST /',NULL,'127.0.0.1','2025-02-16 03:49:22'),(270,12,'POST /',NULL,'127.0.0.1','2025-02-16 03:49:39'),(271,12,'GET /',NULL,'127.0.0.1','2025-02-16 03:51:22'),(272,12,'LOGIN',NULL,'127.0.0.1','2025-02-16 03:54:05'),(273,12,'GET /12/stats',NULL,'127.0.0.1','2025-02-16 03:54:05'),(274,12,'GET /',NULL,'127.0.0.1','2025-02-16 03:54:05'),(275,12,'GET /12/stats',NULL,'127.0.0.1','2025-02-16 03:54:05'),(276,12,'GET /',NULL,'127.0.0.1','2025-02-16 03:54:05'),(277,11,'LOGIN',NULL,'127.0.0.1','2025-02-16 03:55:05'),(278,11,'GET /11/stats',NULL,'127.0.0.1','2025-02-16 03:55:05'),(279,11,'GET /',NULL,'127.0.0.1','2025-02-16 03:55:05'),(280,11,'GET /',NULL,'127.0.0.1','2025-02-16 03:55:05'),(281,11,'GET /11/stats',NULL,'127.0.0.1','2025-02-16 03:55:05'),(282,11,'LOGIN',NULL,'127.0.0.1','2025-02-16 03:56:08'),(283,11,'GET /',NULL,'127.0.0.1','2025-02-16 03:56:08'),(284,11,'GET /11/stats',NULL,'127.0.0.1','2025-02-16 03:56:08'),(285,11,'GET /',NULL,'127.0.0.1','2025-02-16 03:56:08'),(286,11,'GET /11/stats',NULL,'127.0.0.1','2025-02-16 03:56:08'),(287,11,'LOGIN',NULL,'127.0.0.1','2025-02-16 03:56:46'),(288,11,'GET /',NULL,'127.0.0.1','2025-02-16 03:56:46'),(289,11,'GET /11/stats',NULL,'127.0.0.1','2025-02-16 03:56:46'),(290,11,'GET /',NULL,'127.0.0.1','2025-02-16 03:56:46'),(291,11,'GET /11/stats',NULL,'127.0.0.1','2025-02-16 03:56:46'),(292,12,'LOGIN',NULL,'127.0.0.1','2025-02-16 03:56:56'),(293,12,'GET /12/stats',NULL,'127.0.0.1','2025-02-16 03:56:56'),(294,12,'GET /',NULL,'127.0.0.1','2025-02-16 03:56:56'),(295,12,'GET /',NULL,'127.0.0.1','2025-02-16 03:56:56'),(296,12,'GET /12/stats',NULL,'127.0.0.1','2025-02-16 03:56:56'),(297,11,'LOGIN',NULL,'127.0.0.1','2025-02-16 03:57:22'),(298,11,'GET /',NULL,'127.0.0.1','2025-02-16 03:57:22'),(299,11,'GET /11/stats',NULL,'127.0.0.1','2025-02-16 03:57:22'),(300,11,'GET /',NULL,'127.0.0.1','2025-02-16 03:57:22'),(301,11,'GET /11/stats',NULL,'127.0.0.1','2025-02-16 03:57:22'),(302,11,'GET /',NULL,'127.0.0.1','2025-02-16 03:57:24'),(303,11,'GET /',NULL,'127.0.0.1','2025-02-16 03:57:24'),(304,11,'GET /',NULL,'127.0.0.1','2025-02-16 03:57:24'),(305,11,'POST /',NULL,'127.0.0.1','2025-02-16 03:57:25'),(306,11,'LOGIN',NULL,'127.0.0.1','2025-02-16 03:57:31'),(307,11,'GET /',NULL,'127.0.0.1','2025-02-16 03:57:31'),(308,11,'GET /11/stats',NULL,'127.0.0.1','2025-02-16 03:57:31'),(309,11,'GET /',NULL,'127.0.0.1','2025-02-16 03:57:31'),(310,11,'GET /11/stats',NULL,'127.0.0.1','2025-02-16 03:57:32'),(311,12,'LOGIN',NULL,'127.0.0.1','2025-02-16 03:57:39'),(312,12,'GET /',NULL,'127.0.0.1','2025-02-16 03:57:39'),(313,12,'GET /12/stats',NULL,'127.0.0.1','2025-02-16 03:57:39'),(314,12,'GET /',NULL,'127.0.0.1','2025-02-16 03:57:39'),(315,12,'GET /12/stats',NULL,'127.0.0.1','2025-02-16 03:57:39'),(316,12,'LOGIN',NULL,'127.0.0.1','2025-02-16 04:00:41'),(317,12,'GET /',NULL,'127.0.0.1','2025-02-16 04:00:41'),(318,12,'GET /12/stats',NULL,'127.0.0.1','2025-02-16 04:00:41'),(319,12,'GET /',NULL,'127.0.0.1','2025-02-16 04:00:41'),(320,12,'GET /12/stats',NULL,'127.0.0.1','2025-02-16 04:00:41'),(321,12,'GET /',NULL,'127.0.0.1','2025-02-16 04:00:43'),(322,12,'GET /12/stats',NULL,'127.0.0.1','2025-02-16 04:00:43'),(323,12,'GET /',NULL,'127.0.0.1','2025-02-16 04:00:43'),(324,12,'GET /12/stats',NULL,'127.0.0.1','2025-02-16 04:00:43'),(325,12,'LOGIN',NULL,'127.0.0.1','2025-02-16 04:00:45'),(326,12,'GET /',NULL,'127.0.0.1','2025-02-16 04:00:45'),(327,12,'GET /12/stats',NULL,'127.0.0.1','2025-02-16 04:00:45'),(328,12,'GET /',NULL,'127.0.0.1','2025-02-16 04:00:45'),(329,12,'GET /12/stats',NULL,'127.0.0.1','2025-02-16 04:00:45'),(330,12,'GET /',NULL,'127.0.0.1','2025-02-16 04:10:37'),(331,12,'GET /',NULL,'127.0.0.1','2025-02-16 04:11:41'),(332,12,'GET /12/stats',NULL,'127.0.0.1','2025-02-16 04:11:41'),(333,12,'GET /',NULL,'127.0.0.1','2025-02-16 04:11:41'),(334,12,'GET /12/stats',NULL,'127.0.0.1','2025-02-16 04:11:41'),(335,12,'LOGIN',NULL,'127.0.0.1','2025-02-16 04:11:42'),(336,12,'GET /',NULL,'127.0.0.1','2025-02-16 04:11:42'),(337,12,'GET /12/stats',NULL,'127.0.0.1','2025-02-16 04:11:42'),(338,12,'GET /',NULL,'127.0.0.1','2025-02-16 04:11:42'),(339,12,'GET /12/stats',NULL,'127.0.0.1','2025-02-16 04:11:42'),(340,12,'GET /12/stats',NULL,'127.0.0.1','2025-02-16 04:12:11'),(341,12,'GET /',NULL,'127.0.0.1','2025-02-16 04:12:11'),(342,12,'GET /',NULL,'127.0.0.1','2025-02-16 04:12:11'),(343,12,'GET /12/stats',NULL,'127.0.0.1','2025-02-16 04:12:11'),(344,12,'LOGIN',NULL,'127.0.0.1','2025-02-16 04:12:12'),(345,12,'GET /',NULL,'127.0.0.1','2025-02-16 04:12:12'),(346,12,'GET /12/stats',NULL,'127.0.0.1','2025-02-16 04:12:12'),(347,12,'GET /',NULL,'127.0.0.1','2025-02-16 04:12:12'),(348,12,'GET /12/stats',NULL,'127.0.0.1','2025-02-16 04:12:13'),(349,11,'LOGIN',NULL,'127.0.0.1','2025-02-16 04:12:19'),(350,11,'GET /',NULL,'127.0.0.1','2025-02-16 04:12:19'),(351,11,'GET /11/stats',NULL,'127.0.0.1','2025-02-16 04:12:19'),(352,11,'GET /',NULL,'127.0.0.1','2025-02-16 04:12:19'),(353,11,'GET /11/stats',NULL,'127.0.0.1','2025-02-16 04:12:19'),(354,2,'LOGIN',NULL,'127.0.0.1','2025-02-16 04:12:24'),(355,2,'GET /',NULL,'127.0.0.1','2025-02-16 04:12:24'),(356,2,'GET /2/stats',NULL,'127.0.0.1','2025-02-16 04:12:24'),(357,2,'GET /',NULL,'127.0.0.1','2025-02-16 04:12:24'),(358,2,'GET /2/stats',NULL,'127.0.0.1','2025-02-16 04:12:24'),(359,2,'GET /2/stats',NULL,'127.0.0.1','2025-02-16 04:16:57'),(360,2,'GET /',NULL,'127.0.0.1','2025-02-16 04:16:57'),(361,2,'GET /',NULL,'127.0.0.1','2025-02-16 04:16:57'),(362,2,'GET /2/stats',NULL,'127.0.0.1','2025-02-16 04:17:11'),(363,2,'GET /',NULL,'127.0.0.1','2025-02-16 04:19:20'),(364,2,'LOGIN',NULL,'127.0.0.1','2025-02-16 04:19:26'),(365,2,'GET /',NULL,'127.0.0.1','2025-02-16 04:19:26'),(366,2,'GET /2/stats',NULL,'127.0.0.1','2025-02-16 04:19:26'),(367,2,'GET /',NULL,'127.0.0.1','2025-02-16 04:19:26'),(368,2,'GET /2/stats',NULL,'127.0.0.1','2025-02-16 04:19:26'),(369,12,'LOGIN',NULL,'127.0.0.1','2025-02-16 04:19:34'),(370,12,'GET /',NULL,'127.0.0.1','2025-02-16 04:19:34'),(371,12,'GET /12/stats',NULL,'127.0.0.1','2025-02-16 04:19:34'),(372,12,'GET /',NULL,'127.0.0.1','2025-02-16 04:19:34'),(373,12,'GET /12/stats',NULL,'127.0.0.1','2025-02-16 04:19:34'),(374,11,'LOGIN',NULL,'127.0.0.1','2025-02-16 04:19:38'),(375,11,'GET /',NULL,'127.0.0.1','2025-02-16 04:19:38'),(376,11,'GET /11/stats',NULL,'127.0.0.1','2025-02-16 04:19:38'),(377,11,'GET /',NULL,'127.0.0.1','2025-02-16 04:19:38'),(378,11,'GET /11/stats',NULL,'127.0.0.1','2025-02-16 04:19:38'),(379,2,'LOGIN',NULL,'127.0.0.1','2025-02-16 04:19:46'),(380,2,'GET /',NULL,'127.0.0.1','2025-02-16 04:19:46'),(381,2,'GET /2/stats',NULL,'127.0.0.1','2025-02-16 04:19:46'),(382,2,'GET /',NULL,'127.0.0.1','2025-02-16 04:19:46'),(383,2,'GET /2/stats',NULL,'127.0.0.1','2025-02-16 04:19:46'),(384,11,'LOGIN',NULL,'127.0.0.1','2025-02-16 04:20:05'),(385,11,'GET /',NULL,'127.0.0.1','2025-02-16 04:20:05'),(386,11,'GET /11/stats',NULL,'127.0.0.1','2025-02-16 04:20:05'),(387,11,'GET /',NULL,'127.0.0.1','2025-02-16 04:20:05'),(388,11,'GET /11/stats',NULL,'127.0.0.1','2025-02-16 04:20:05'),(389,12,'LOGIN',NULL,'127.0.0.1','2025-02-16 04:20:09'),(390,12,'GET /',NULL,'127.0.0.1','2025-02-16 04:20:09'),(391,12,'GET /12/stats',NULL,'127.0.0.1','2025-02-16 04:20:09'),(392,12,'GET /',NULL,'127.0.0.1','2025-02-16 04:20:09'),(393,12,'GET /12/stats',NULL,'127.0.0.1','2025-02-16 04:20:09'),(394,2,'LOGIN',NULL,'127.0.0.1','2025-02-16 04:20:14'),(395,2,'GET /2/stats',NULL,'127.0.0.1','2025-02-16 04:20:14'),(396,2,'GET /',NULL,'127.0.0.1','2025-02-16 04:20:14'),(397,2,'GET /',NULL,'127.0.0.1','2025-02-16 04:20:14'),(398,2,'GET /2/stats',NULL,'127.0.0.1','2025-02-16 04:20:14'),(399,11,'LOGIN',NULL,'127.0.0.1','2025-02-16 04:20:19'),(400,11,'GET /',NULL,'127.0.0.1','2025-02-16 04:20:19'),(401,11,'GET /11/stats',NULL,'127.0.0.1','2025-02-16 04:20:19'),(402,11,'GET /',NULL,'127.0.0.1','2025-02-16 04:20:19'),(403,11,'GET /11/stats',NULL,'127.0.0.1','2025-02-16 04:20:19'),(404,11,'GET /',NULL,'127.0.0.1','2025-02-16 04:22:08'),(405,11,'GET /11/stats',NULL,'127.0.0.1','2025-02-16 04:22:08'),(406,11,'GET /',NULL,'127.0.0.1','2025-02-16 04:22:08'),(407,11,'GET /11/stats',NULL,'127.0.0.1','2025-02-16 04:22:08'),(408,11,'GET /',NULL,'127.0.0.1','2025-02-16 04:22:08'),(409,11,'GET /',NULL,'127.0.0.1','2025-02-16 04:22:08'),(410,11,'LOGIN',NULL,'127.0.0.1','2025-02-16 04:28:43'),(411,11,'GET /',NULL,'127.0.0.1','2025-02-16 04:28:43'),(412,11,'GET /11/stats',NULL,'127.0.0.1','2025-02-16 04:28:43'),(413,11,'GET /',NULL,'127.0.0.1','2025-02-16 04:28:43'),(414,11,'GET /11/stats',NULL,'127.0.0.1','2025-02-16 04:28:43'),(415,11,'GET /',NULL,'127.0.0.1','2025-02-16 04:28:43'),(416,11,'GET /',NULL,'127.0.0.1','2025-02-16 04:28:43'),(417,11,'GET /',NULL,'127.0.0.1','2025-02-16 04:28:51'),(418,11,'GET /',NULL,'127.0.0.1','2025-02-16 04:28:53'),(419,11,'GET /',NULL,'127.0.0.1','2025-02-16 04:28:53'),(420,11,'GET /',NULL,'127.0.0.1','2025-02-16 04:28:54'),(421,11,'GET /',NULL,'127.0.0.1','2025-02-16 04:28:55'),(422,11,'GET /',NULL,'127.0.0.1','2025-02-16 04:28:56'),(423,11,'GET /',NULL,'127.0.0.1','2025-02-16 04:28:56'),(424,11,'GET /',NULL,'127.0.0.1','2025-02-16 04:28:56'),(425,11,'GET /',NULL,'127.0.0.1','2025-02-16 04:28:58'),(426,11,'GET /',NULL,'127.0.0.1','2025-02-16 04:28:58'),(427,11,'GET /',NULL,'127.0.0.1','2025-02-16 04:29:03'),(428,11,'GET /',NULL,'127.0.0.1','2025-02-16 04:29:03'),(429,11,'GET /',NULL,'127.0.0.1','2025-02-16 04:29:03'),(430,11,'GET /',NULL,'127.0.0.1','2025-02-16 04:29:04'),(431,11,'POST /',NULL,'127.0.0.1','2025-02-16 04:29:05'),(432,11,'GET /',NULL,'127.0.0.1','2025-02-16 04:29:05'),(433,11,'GET /',NULL,'127.0.0.1','2025-02-16 04:29:12'),(434,11,'GET /',NULL,'127.0.0.1','2025-02-16 04:29:12'),(435,11,'GET /',NULL,'127.0.0.1','2025-02-16 04:29:12'),(436,11,'POST /',NULL,'127.0.0.1','2025-02-16 04:29:14'),(437,11,'GET /',NULL,'127.0.0.1','2025-02-16 04:29:14'),(438,2,'LOGIN',NULL,'127.0.0.1','2025-02-16 04:29:50'),(439,2,'GET /',NULL,'127.0.0.1','2025-02-16 04:29:50'),(440,2,'GET /2/stats',NULL,'127.0.0.1','2025-02-16 04:29:50'),(441,2,'GET /',NULL,'127.0.0.1','2025-02-16 04:29:50'),(442,2,'GET /2/stats',NULL,'127.0.0.1','2025-02-16 04:29:50'),(443,2,'GET /',NULL,'127.0.0.1','2025-02-16 04:29:50'),(444,2,'GET /',NULL,'127.0.0.1','2025-02-16 04:29:50'),(445,2,'GET /',NULL,'127.0.0.1','2025-02-16 04:30:33'),(446,2,'LOGIN',NULL,'127.0.0.1','2025-02-16 04:30:40'),(447,2,'GET /',NULL,'127.0.0.1','2025-02-16 04:30:40'),(448,2,'GET /2/stats',NULL,'127.0.0.1','2025-02-16 04:30:40'),(449,2,'GET /',NULL,'127.0.0.1','2025-02-16 04:30:40'),(450,2,'GET /',NULL,'127.0.0.1','2025-02-16 04:30:40'),(451,2,'GET /2/stats',NULL,'127.0.0.1','2025-02-16 04:30:40'),(452,2,'GET /',NULL,'127.0.0.1','2025-02-16 04:30:40'),(453,12,'LOGIN',NULL,'127.0.0.1','2025-02-16 04:32:08'),(454,12,'GET /',NULL,'127.0.0.1','2025-02-16 04:32:08'),(455,12,'GET /12/stats',NULL,'127.0.0.1','2025-02-16 04:32:08'),(456,12,'GET /',NULL,'127.0.0.1','2025-02-16 04:32:08'),(457,12,'GET /12/stats',NULL,'127.0.0.1','2025-02-16 04:32:08'),(458,12,'GET /',NULL,'127.0.0.1','2025-02-16 04:32:08'),(459,12,'GET /',NULL,'127.0.0.1','2025-02-16 04:32:08'),(460,12,'GET /',NULL,'127.0.0.1','2025-02-16 04:33:37'),(461,12,'GET /12/stats',NULL,'127.0.0.1','2025-02-16 04:33:37'),(462,12,'GET /',NULL,'127.0.0.1','2025-02-16 04:33:37'),(463,12,'GET /',NULL,'127.0.0.1','2025-02-16 04:33:37'),(464,12,'GET /',NULL,'127.0.0.1','2025-02-16 04:33:37'),(465,12,'GET /',NULL,'127.0.0.1','2025-02-16 04:33:46'),(466,12,'GET /12/stats',NULL,'127.0.0.1','2025-02-16 04:33:46'),(467,12,'GET /',NULL,'127.0.0.1','2025-02-16 04:33:46'),(468,12,'GET /12/stats',NULL,'127.0.0.1','2025-02-16 04:33:46'),(469,12,'GET /',NULL,'127.0.0.1','2025-02-16 04:33:46'),(470,12,'GET /',NULL,'127.0.0.1','2025-02-16 04:33:46'),(471,12,'LOGIN',NULL,'127.0.0.1','2025-02-16 04:33:47'),(472,12,'GET /',NULL,'127.0.0.1','2025-02-16 04:33:47'),(473,12,'GET /12/stats',NULL,'127.0.0.1','2025-02-16 04:33:47'),(474,12,'GET /',NULL,'127.0.0.1','2025-02-16 04:33:47'),(475,12,'GET /12/stats',NULL,'127.0.0.1','2025-02-16 04:33:47'),(476,12,'GET /',NULL,'127.0.0.1','2025-02-16 04:33:47'),(477,12,'GET /',NULL,'127.0.0.1','2025-02-16 04:33:47'),(478,12,'LOGIN',NULL,'127.0.0.1','2025-02-16 04:52:34'),(479,12,'GET /12/stats',NULL,'127.0.0.1','2025-02-16 04:52:34'),(480,12,'GET /',NULL,'127.0.0.1','2025-02-16 04:52:34'),(481,12,'GET /12/stats',NULL,'127.0.0.1','2025-02-16 04:52:34'),(482,12,'GET /',NULL,'127.0.0.1','2025-02-16 04:52:34'),(483,12,'GET /',NULL,'127.0.0.1','2025-02-16 04:52:34'),(484,12,'GET /12/stats',NULL,'127.0.0.1','2025-02-16 04:52:34'),(485,12,'GET /',NULL,'127.0.0.1','2025-02-16 04:52:34'),(486,12,'GET /12/stats',NULL,'127.0.0.1','2025-02-16 04:52:34'),(487,12,'GET /',NULL,'127.0.0.1','2025-02-16 04:53:24'),(488,12,'GET /12/stats',NULL,'127.0.0.1','2025-02-16 04:53:24'),(489,12,'GET /',NULL,'127.0.0.1','2025-02-16 04:53:24'),(490,12,'GET /',NULL,'127.0.0.1','2025-02-16 04:53:24'),(491,12,'GET /12/stats',NULL,'127.0.0.1','2025-02-16 04:53:24'),(492,12,'GET /',NULL,'127.0.0.1','2025-02-16 04:53:24'),(493,12,'GET /12/stats',NULL,'127.0.0.1','2025-02-16 04:53:24'),(494,12,'GET /12/stats',NULL,'127.0.0.1','2025-02-16 04:53:24'),(495,12,'LOGIN',NULL,'127.0.0.1','2025-02-16 04:53:27'),(496,12,'GET /',NULL,'127.0.0.1','2025-02-16 04:53:27'),(497,12,'GET /12/stats',NULL,'127.0.0.1','2025-02-16 04:53:27'),(498,12,'GET /',NULL,'127.0.0.1','2025-02-16 04:53:27'),(499,12,'GET /12/stats',NULL,'127.0.0.1','2025-02-16 04:53:27'),(500,12,'GET /',NULL,'127.0.0.1','2025-02-16 04:53:27'),(501,12,'GET /12/stats',NULL,'127.0.0.1','2025-02-16 04:53:27'),(502,12,'GET /',NULL,'127.0.0.1','2025-02-16 04:53:27'),(503,12,'GET /12/stats',NULL,'127.0.0.1','2025-02-16 04:53:27'),(504,12,'GET /12/stats',NULL,'127.0.0.1','2025-02-16 04:53:33'),(505,12,'GET /',NULL,'127.0.0.1','2025-02-16 04:53:33'),(506,12,'GET /',NULL,'127.0.0.1','2025-02-16 04:53:33'),(507,12,'GET /12/stats',NULL,'127.0.0.1','2025-02-16 04:53:33'),(508,12,'GET /',NULL,'127.0.0.1','2025-02-16 04:53:33'),(509,12,'GET /12/stats',NULL,'127.0.0.1','2025-02-16 04:53:33'),(510,12,'GET /',NULL,'127.0.0.1','2025-02-16 04:53:33'),(511,12,'GET /12/stats',NULL,'127.0.0.1','2025-02-16 04:53:33'),(512,2,'LOGIN',NULL,'127.0.0.1','2025-02-16 04:53:39'),(513,2,'GET /2/stats',NULL,'127.0.0.1','2025-02-16 04:53:39'),(514,2,'GET /',NULL,'127.0.0.1','2025-02-16 04:53:39'),(515,2,'GET /',NULL,'127.0.0.1','2025-02-16 04:53:39'),(516,2,'GET /2/stats',NULL,'127.0.0.1','2025-02-16 04:53:39'),(517,2,'GET /',NULL,'127.0.0.1','2025-02-16 04:53:40'),(518,2,'GET /2/stats',NULL,'127.0.0.1','2025-02-16 04:53:40'),(519,2,'GET /',NULL,'127.0.0.1','2025-02-16 04:53:40'),(520,2,'GET /2/stats',NULL,'127.0.0.1','2025-02-16 04:53:40'),(521,2,'GET /',NULL,'127.0.0.1','2025-02-16 04:57:43'),(522,2,'GET /2/stats',NULL,'127.0.0.1','2025-02-16 04:57:43'),(523,2,'GET /',NULL,'127.0.0.1','2025-02-16 04:57:43'),(524,2,'GET /2/stats',NULL,'127.0.0.1','2025-02-16 04:57:43'),(525,2,'GET /',NULL,'127.0.0.1','2025-02-16 04:57:43'),(526,2,'GET /',NULL,'127.0.0.1','2025-02-16 04:57:43'),(527,2,'LOGIN',NULL,'127.0.0.1','2025-02-16 04:57:46'),(528,2,'GET /',NULL,'127.0.0.1','2025-02-16 04:57:46'),(529,2,'GET /2/stats',NULL,'127.0.0.1','2025-02-16 04:57:46'),(530,2,'GET /',NULL,'127.0.0.1','2025-02-16 04:57:46'),(531,2,'GET /2/stats',NULL,'127.0.0.1','2025-02-16 04:57:46'),(532,2,'GET /',NULL,'127.0.0.1','2025-02-16 04:57:46'),(533,2,'GET /',NULL,'127.0.0.1','2025-02-16 04:57:46'),(534,12,'LOGIN',NULL,'127.0.0.1','2025-02-16 04:58:01'),(535,12,'GET /',NULL,'127.0.0.1','2025-02-16 04:58:01'),(536,12,'GET /12/stats',NULL,'127.0.0.1','2025-02-16 04:58:01'),(537,12,'GET /',NULL,'127.0.0.1','2025-02-16 04:58:01'),(538,12,'GET /12/stats',NULL,'127.0.0.1','2025-02-16 04:58:01'),(539,12,'GET /',NULL,'127.0.0.1','2025-02-16 04:58:01'),(540,12,'GET /',NULL,'127.0.0.1','2025-02-16 04:58:01'),(541,11,'LOGIN',NULL,'127.0.0.1','2025-02-16 04:58:06'),(542,11,'GET /',NULL,'127.0.0.1','2025-02-16 04:58:06'),(543,11,'GET /11/stats',NULL,'127.0.0.1','2025-02-16 04:58:06'),(544,11,'GET /',NULL,'127.0.0.1','2025-02-16 04:58:06'),(545,11,'GET /11/stats',NULL,'127.0.0.1','2025-02-16 04:58:06'),(546,11,'GET /',NULL,'127.0.0.1','2025-02-16 04:58:06'),(547,11,'GET /',NULL,'127.0.0.1','2025-02-16 04:58:06'),(548,11,'LOGIN',NULL,'127.0.0.1','2025-02-16 04:58:14'),(549,11,'GET /',NULL,'127.0.0.1','2025-02-16 04:58:14'),(550,11,'GET /11/stats',NULL,'127.0.0.1','2025-02-16 04:58:14'),(551,11,'GET /',NULL,'127.0.0.1','2025-02-16 04:58:14'),(552,11,'GET /11/stats',NULL,'127.0.0.1','2025-02-16 04:58:14'),(553,11,'GET /',NULL,'127.0.0.1','2025-02-16 04:58:14'),(554,11,'GET /',NULL,'127.0.0.1','2025-02-16 04:58:14'),(555,11,'LOGIN',NULL,'127.0.0.1','2025-02-16 15:22:15'),(556,11,'GET /11/stats',NULL,'127.0.0.1','2025-02-16 15:22:15'),(557,11,'GET /',NULL,'127.0.0.1','2025-02-16 15:22:15'),(558,11,'GET /',NULL,'127.0.0.1','2025-02-16 15:22:15'),(559,11,'GET /',NULL,'127.0.0.1','2025-02-16 15:22:15'),(560,11,'GET /11/stats',NULL,'127.0.0.1','2025-02-16 15:22:15'),(561,11,'GET /',NULL,'127.0.0.1','2025-02-16 15:22:15'),(562,11,'GET /',NULL,'127.0.0.1','2025-02-16 15:32:30'),(563,11,'GET /',NULL,'127.0.0.1','2025-02-16 15:32:30'),(564,11,'LOGIN',NULL,'127.0.0.1','2025-02-16 15:32:31'),(565,11,'GET /',NULL,'127.0.0.1','2025-02-16 15:32:31'),(566,11,'GET /',NULL,'127.0.0.1','2025-02-16 15:32:31'),(567,11,'GET /',NULL,'127.0.0.1','2025-02-16 15:32:34'),(568,11,'GET /',NULL,'127.0.0.1','2025-02-16 15:32:34'),(569,11,'PUT /7/status',NULL,'127.0.0.1','2025-02-16 15:32:39'),(570,11,'GET /',NULL,'127.0.0.1','2025-02-16 15:32:39'),(571,11,'PUT /8/status',NULL,'127.0.0.1','2025-02-16 15:32:41'),(572,11,'GET /',NULL,'127.0.0.1','2025-02-16 15:32:41'),(573,11,'PUT /8/status',NULL,'127.0.0.1','2025-02-16 15:32:42'),(574,11,'GET /',NULL,'127.0.0.1','2025-02-16 15:32:42'),(575,11,'PUT /10/status',NULL,'127.0.0.1','2025-02-16 15:32:43'),(576,11,'GET /',NULL,'127.0.0.1','2025-02-16 15:32:43'),(577,11,'PUT /10/status',NULL,'127.0.0.1','2025-02-16 15:32:44'),(578,11,'GET /',NULL,'127.0.0.1','2025-02-16 15:32:44'),(579,11,'GET /',NULL,'127.0.0.1','2025-02-16 15:32:51'),(580,11,'GET /',NULL,'127.0.0.1','2025-02-16 15:32:51'),(581,12,'LOGIN',NULL,'127.0.0.1','2025-02-16 15:32:54'),(582,12,'GET /',NULL,'127.0.0.1','2025-02-16 15:32:54'),(583,12,'GET /',NULL,'127.0.0.1','2025-02-16 15:32:54'),(584,12,'GET /',NULL,'127.0.0.1','2025-02-16 15:33:01'),(585,12,'GET /',NULL,'127.0.0.1','2025-02-16 15:33:01'),(586,12,'PUT /1/status',NULL,'127.0.0.1','2025-02-16 15:33:02'),(587,12,'GET /',NULL,'127.0.0.1','2025-02-16 15:33:02'),(588,12,'PUT /1/status',NULL,'127.0.0.1','2025-02-16 15:33:04'),(589,12,'GET /',NULL,'127.0.0.1','2025-02-16 15:33:04'),(590,12,'GET /',NULL,'127.0.0.1','2025-02-16 15:34:15'),(591,12,'LOGIN',NULL,'127.0.0.1','2025-02-16 15:34:24'),(592,12,'GET /',NULL,'127.0.0.1','2025-02-16 15:34:24'),(593,12,'GET /',NULL,'127.0.0.1','2025-02-16 15:34:24'),(594,12,'GET /',NULL,'127.0.0.1','2025-02-16 15:34:34'),(595,12,'GET /',NULL,'127.0.0.1','2025-02-16 15:34:34'),(596,12,'PUT /1/status',NULL,'127.0.0.1','2025-02-16 15:34:34'),(597,12,'GET /',NULL,'127.0.0.1','2025-02-16 15:34:34'),(598,12,'GET /',NULL,'127.0.0.1','2025-02-16 15:34:36'),(599,12,'GET /',NULL,'127.0.0.1','2025-02-16 15:34:36'),(600,2,'LOGIN',NULL,'127.0.0.1','2025-02-16 15:34:41'),(601,2,'GET /',NULL,'127.0.0.1','2025-02-16 15:34:41'),(602,2,'GET /',NULL,'127.0.0.1','2025-02-16 15:34:41'),(603,2,'LOGIN',NULL,'127.0.0.1','2025-02-16 15:50:13'),(604,2,'LOGIN',NULL,'127.0.0.1','2025-02-16 15:51:59'),(605,2,'LOGIN',NULL,'127.0.0.1','2025-02-16 15:55:45'),(606,11,'LOGIN',NULL,'127.0.0.1','2025-02-16 15:57:15'),(607,11,'LOGIN',NULL,'127.0.0.1','2025-02-16 16:27:45'),(608,11,'LOGIN',NULL,'127.0.0.1','2025-02-16 16:28:42'),(609,2,'LOGIN',NULL,'127.0.0.1','2025-02-16 16:29:10'),(610,2,'LOGIN',NULL,'127.0.0.1','2025-02-16 16:36:23'),(611,2,'LOGIN',NULL,'127.0.0.1','2025-02-20 00:41:08'),(612,2,'LOGIN',NULL,'127.0.0.1','2025-02-20 00:45:26'),(613,2,'LOGIN',NULL,'127.0.0.1','2025-02-20 00:50:13'),(614,12,'LOGIN',NULL,'127.0.0.1','2025-02-20 01:15:30'),(615,12,'LOGIN',NULL,'127.0.0.1','2025-02-20 01:16:58'),(616,12,'LOGIN',NULL,'127.0.0.1','2025-02-20 01:20:25'),(617,2,'LOGIN',NULL,'127.0.0.1','2025-02-20 01:20:49'),(618,2,'LOGIN',NULL,'127.0.0.1','2025-02-20 01:25:51'),(619,2,'GET /2/stats',NULL,'127.0.0.1','2025-02-20 01:37:40'),(620,2,'GET /',NULL,'127.0.0.1','2025-02-20 01:39:39'),(621,2,'GET /2/stats',NULL,'127.0.0.1','2025-02-20 01:40:32'),(622,2,'GET /2/stats',NULL,'127.0.0.1','2025-02-20 01:40:32'),(623,2,'GET /',NULL,'127.0.0.1','2025-02-20 01:40:32'),(624,2,'GET /',NULL,'127.0.0.1','2025-02-20 01:40:32'),(625,2,'GET /2/stats',NULL,'127.0.0.1','2025-02-20 01:44:09'),(626,2,'GET /2/stats',NULL,'127.0.0.1','2025-02-20 01:45:55'),(627,2,'GET /2/stats',NULL,'127.0.0.1','2025-02-20 01:52:50'),(628,2,'GET /2/stats',NULL,'127.0.0.1','2025-02-20 01:54:41'),(629,2,'GET /2/stats',NULL,'127.0.0.1','2025-02-20 01:54:41'),(630,2,'GET /2/stats',NULL,'127.0.0.1','2025-02-20 02:00:17'),(631,2,'GET /2/stats',NULL,'127.0.0.1','2025-02-20 02:00:17'),(632,2,'GET /2/stats',NULL,'127.0.0.1','2025-02-20 02:00:18'),(633,2,'GET /',NULL,'127.0.0.1','2025-02-20 02:00:18'),(634,2,'GET /',NULL,'127.0.0.1','2025-02-20 02:00:18'),(635,2,'GET /2/stats',NULL,'127.0.0.1','2025-02-20 02:00:18'),(636,2,'GET /2/stats',NULL,'127.0.0.1','2025-02-20 02:00:18'),(637,2,'GET /2/stats',NULL,'127.0.0.1','2025-02-20 02:00:18'),(638,2,'GET /2/stats',NULL,'127.0.0.1','2025-02-20 02:01:54'),(639,2,'GET /2/stats',NULL,'127.0.0.1','2025-02-20 02:05:27'),(640,2,'GET /2/stats',NULL,'127.0.0.1','2025-02-20 02:05:27'),(641,2,'GET /2/stats',NULL,'127.0.0.1','2025-02-20 02:05:27'),(642,2,'GET /',NULL,'127.0.0.1','2025-02-20 02:05:27'),(643,2,'GET /2/stats',NULL,'127.0.0.1','2025-02-20 02:05:27'),(644,2,'GET /',NULL,'127.0.0.1','2025-02-20 02:05:27'),(645,2,'GET /2/stats',NULL,'127.0.0.1','2025-02-20 02:05:27'),(646,2,'GET /2/stats',NULL,'127.0.0.1','2025-02-20 02:05:27'),(647,2,'LOGIN',NULL,'127.0.0.1','2025-02-20 02:12:04'),(648,2,'GET /2/stats',NULL,'127.0.0.1','2025-02-20 02:12:04'),(649,2,'GET /2/stats',NULL,'127.0.0.1','2025-02-20 02:12:04'),(650,2,'GET /2/stats',NULL,'127.0.0.1','2025-02-20 02:12:04'),(651,2,'GET /2/stats',NULL,'127.0.0.1','2025-02-20 02:12:04'),(652,2,'GET /',NULL,'127.0.0.1','2025-02-20 02:12:04'),(653,2,'GET /',NULL,'127.0.0.1','2025-02-20 02:12:04'),(654,2,'GET /2/stats',NULL,'127.0.0.1','2025-02-20 02:12:04'),(655,2,'GET /2/stats',NULL,'127.0.0.1','2025-02-20 02:12:04'),(656,2,'GET /2/stats',NULL,'127.0.0.1','2025-02-20 02:12:04'),(657,2,'GET /2/stats',NULL,'127.0.0.1','2025-02-20 02:12:04'),(658,12,'LOGIN',NULL,'127.0.0.1','2025-02-20 02:12:14'),(659,12,'GET /12/stats',NULL,'127.0.0.1','2025-02-20 02:12:14'),(660,12,'GET /12/stats',NULL,'127.0.0.1','2025-02-20 02:12:14'),(661,12,'GET /12/stats',NULL,'127.0.0.1','2025-02-20 02:12:14'),(662,12,'GET /',NULL,'127.0.0.1','2025-02-20 02:12:14'),(663,12,'GET /',NULL,'127.0.0.1','2025-02-20 02:12:14'),(664,12,'GET /12/stats',NULL,'127.0.0.1','2025-02-20 02:12:14'),(665,12,'GET /12/stats',NULL,'127.0.0.1','2025-02-20 02:12:14'),(666,12,'GET /12/stats',NULL,'127.0.0.1','2025-02-20 02:12:14'),(667,12,'GET /12/stats',NULL,'127.0.0.1','2025-02-20 02:12:14'),(668,12,'GET /12/stats',NULL,'127.0.0.1','2025-02-20 02:12:14'),(669,11,'LOGIN',NULL,'127.0.0.1','2025-02-20 02:12:22'),(670,11,'GET /11/stats',NULL,'127.0.0.1','2025-02-20 02:12:22'),(671,11,'GET /11/stats',NULL,'127.0.0.1','2025-02-20 02:12:22'),(672,11,'GET /11/stats',NULL,'127.0.0.1','2025-02-20 02:12:22'),(673,11,'GET /11/stats',NULL,'127.0.0.1','2025-02-20 02:12:22'),(674,11,'GET /',NULL,'127.0.0.1','2025-02-20 02:12:22'),(675,11,'GET /11/stats',NULL,'127.0.0.1','2025-02-20 02:12:22'),(676,11,'GET /',NULL,'127.0.0.1','2025-02-20 02:12:22'),(677,11,'GET /11/stats',NULL,'127.0.0.1','2025-02-20 02:12:22'),(678,11,'GET /11/stats',NULL,'127.0.0.1','2025-02-20 02:12:22'),(679,11,'GET /11/stats',NULL,'127.0.0.1','2025-02-20 02:12:22'),(680,11,'PUT /8/status',NULL,'127.0.0.1','2025-02-20 02:12:28'),(681,11,'GET /',NULL,'127.0.0.1','2025-02-20 02:12:28'),(682,11,'GET /11/stats',NULL,'127.0.0.1','2025-02-20 02:13:50'),(683,11,'GET /11/stats',NULL,'127.0.0.1','2025-02-20 02:13:50'),(684,11,'GET /11/stats',NULL,'127.0.0.1','2025-02-20 02:13:50'),(685,11,'GET /',NULL,'127.0.0.1','2025-02-20 02:13:50'),(686,11,'GET /',NULL,'127.0.0.1','2025-02-20 02:13:50'),(687,11,'GET /11/stats',NULL,'127.0.0.1','2025-02-20 02:13:50'),(688,11,'GET /11/stats',NULL,'127.0.0.1','2025-02-20 02:13:50'),(689,11,'GET /11/stats',NULL,'127.0.0.1','2025-02-20 02:13:50'),(690,11,'GET /11/stats',NULL,'127.0.0.1','2025-02-20 02:13:50'),(691,11,'GET /11/stats',NULL,'127.0.0.1','2025-02-20 02:13:50'),(692,13,'LOGIN',NULL,'127.0.0.1','2025-02-20 02:25:57'),(693,2,'LOGIN',NULL,'127.0.0.1','2025-02-20 02:29:24'),(694,2,'LOGIN',NULL,'127.0.0.1','2025-02-20 02:39:27'),(695,2,'GET /2/stats',NULL,'127.0.0.1','2025-02-20 19:51:12'),(696,2,'GET /2/stats',NULL,'127.0.0.1','2025-02-20 19:51:12'),(697,2,'GET /2/stats',NULL,'127.0.0.1','2025-02-20 19:51:12'),(698,2,'GET /2/stats',NULL,'127.0.0.1','2025-02-20 19:51:12'),(699,2,'GET /2/stats',NULL,'127.0.0.1','2025-02-20 19:51:12'),(700,2,'GET /2/stats',NULL,'127.0.0.1','2025-02-20 19:51:12'),(701,2,'GET /2/stats',NULL,'127.0.0.1','2025-02-20 19:51:12'),(702,2,'GET /2/stats',NULL,'127.0.0.1','2025-02-20 19:51:12'),(703,2,'GET /',NULL,'127.0.0.1','2025-02-20 19:52:40'),(704,2,'GET /2/stats',NULL,'127.0.0.1','2025-02-20 19:52:44'),(705,2,'GET /2/stats',NULL,'127.0.0.1','2025-02-20 19:52:44'),(706,2,'GET /2/stats',NULL,'127.0.0.1','2025-02-20 19:52:44'),(707,2,'GET /',NULL,'127.0.0.1','2025-02-20 19:52:44'),(708,2,'GET /2/stats',NULL,'127.0.0.1','2025-02-20 19:52:44'),(709,2,'GET /',NULL,'127.0.0.1','2025-02-20 19:52:44'),(710,2,'GET /2/stats',NULL,'127.0.0.1','2025-02-20 19:52:44'),(711,2,'GET /2/stats',NULL,'127.0.0.1','2025-02-20 19:52:44'),(712,2,'GET /2/stats',NULL,'127.0.0.1','2025-02-20 19:52:46'),(713,2,'GET /2/stats',NULL,'127.0.0.1','2025-02-20 19:52:46'),(714,2,'GET /2/stats',NULL,'127.0.0.1','2025-02-20 19:52:46'),(715,2,'GET /',NULL,'127.0.0.1','2025-02-20 19:52:46'),(716,2,'GET /2/stats',NULL,'127.0.0.1','2025-02-20 19:52:46'),(717,2,'GET /',NULL,'127.0.0.1','2025-02-20 19:52:46'),(718,2,'GET /2/stats',NULL,'127.0.0.1','2025-02-20 19:52:46'),(719,2,'GET /2/stats',NULL,'127.0.0.1','2025-02-20 19:52:46'),(720,2,'GET /2/stats',NULL,'127.0.0.1','2025-02-20 19:52:57'),(721,2,'GET /2/stats',NULL,'127.0.0.1','2025-02-20 19:52:57'),(722,2,'GET /2/stats',NULL,'127.0.0.1','2025-02-20 19:52:57'),(723,2,'GET /',NULL,'127.0.0.1','2025-02-20 19:52:57'),(724,2,'GET /2/stats',NULL,'127.0.0.1','2025-02-20 19:52:57'),(725,2,'GET /',NULL,'127.0.0.1','2025-02-20 19:52:57'),(726,2,'GET /2/stats',NULL,'127.0.0.1','2025-02-20 19:52:58'),(727,2,'GET /2/stats',NULL,'127.0.0.1','2025-02-20 19:52:58'),(728,2,'GET /2/stats',NULL,'127.0.0.1','2025-02-20 19:54:16'),(729,2,'GET /2/stats',NULL,'127.0.0.1','2025-02-20 19:54:16'),(730,2,'GET /2/stats',NULL,'127.0.0.1','2025-02-20 19:54:16'),(731,2,'GET /',NULL,'127.0.0.1','2025-02-20 19:54:16'),(732,2,'GET /',NULL,'127.0.0.1','2025-02-20 19:54:16'),(733,2,'GET /2/stats',NULL,'127.0.0.1','2025-02-20 19:54:16'),(734,2,'GET /2/stats',NULL,'127.0.0.1','2025-02-20 19:54:16'),(735,2,'GET /2/stats',NULL,'127.0.0.1','2025-02-20 19:54:16'),(736,2,'LOGIN',NULL,'127.0.0.1','2025-02-20 20:02:56'),(737,2,'GET /2/stats',NULL,'127.0.0.1','2025-02-20 20:02:56'),(738,2,'GET /2/stats',NULL,'127.0.0.1','2025-02-20 20:02:56'),(739,2,'GET /2/stats',NULL,'127.0.0.1','2025-02-20 20:02:56'),(740,2,'GET /',NULL,'127.0.0.1','2025-02-20 20:02:56'),(741,2,'GET /2/stats',NULL,'127.0.0.1','2025-02-20 20:02:56'),(742,2,'GET /',NULL,'127.0.0.1','2025-02-20 20:02:56'),(743,2,'GET /2/stats',NULL,'127.0.0.1','2025-02-20 20:02:56'),(744,2,'GET /2/stats',NULL,'127.0.0.1','2025-02-20 20:02:56'),(745,2,'GET /2/stats',NULL,'127.0.0.1','2025-02-20 20:02:56'),(746,2,'GET /2/stats',NULL,'127.0.0.1','2025-02-20 20:02:56'),(747,2,'GET /2/stats',NULL,'127.0.0.1','2025-02-20 20:04:34'),(748,2,'GET /2/stats',NULL,'127.0.0.1','2025-02-20 20:04:34'),(749,2,'GET /2/stats',NULL,'127.0.0.1','2025-02-20 20:04:34'),(750,2,'GET /',NULL,'127.0.0.1','2025-02-20 20:04:34'),(751,2,'GET /2/stats',NULL,'127.0.0.1','2025-02-20 20:04:34'),(752,2,'GET /',NULL,'127.0.0.1','2025-02-20 20:04:34'),(753,2,'GET /2/stats',NULL,'127.0.0.1','2025-02-20 20:04:34'),(754,2,'GET /2/stats',NULL,'127.0.0.1','2025-02-20 20:04:34'),(755,2,'GET /2/stats',NULL,'127.0.0.1','2025-02-20 20:04:34'),(756,2,'GET /2/stats',NULL,'127.0.0.1','2025-02-20 20:04:34'),(757,2,'LOGIN',NULL,'127.0.0.1','2025-02-20 20:13:26'),(758,2,'GET /2/stats',NULL,'127.0.0.1','2025-02-20 20:13:26'),(759,2,'GET /2/stats',NULL,'127.0.0.1','2025-02-20 20:13:26'),(760,2,'GET /2/stats',NULL,'127.0.0.1','2025-02-20 20:13:26'),(761,2,'GET /',NULL,'127.0.0.1','2025-02-20 20:13:26'),(762,2,'GET /',NULL,'127.0.0.1','2025-02-20 20:13:26'),(763,2,'GET /2/stats',NULL,'127.0.0.1','2025-02-20 20:13:26'),(764,2,'GET /2/stats',NULL,'127.0.0.1','2025-02-20 20:13:26'),(765,2,'GET /2/stats',NULL,'127.0.0.1','2025-02-20 20:13:26'),(766,2,'GET /2/stats',NULL,'127.0.0.1','2025-02-20 20:13:26'),(767,2,'GET /2/stats',NULL,'127.0.0.1','2025-02-20 20:13:26'),(768,13,'LOGIN',NULL,'127.0.0.1','2025-02-20 20:13:33'),(769,13,'GET /13/stats',NULL,'127.0.0.1','2025-02-20 20:13:33'),(770,13,'GET /13/stats',NULL,'127.0.0.1','2025-02-20 20:13:33'),(771,13,'GET /13/stats',NULL,'127.0.0.1','2025-02-20 20:13:33'),(772,13,'GET /',NULL,'127.0.0.1','2025-02-20 20:13:33'),(773,13,'GET /',NULL,'127.0.0.1','2025-02-20 20:13:33'),(774,13,'GET /13/stats',NULL,'127.0.0.1','2025-02-20 20:13:33'),(775,13,'GET /13/stats',NULL,'127.0.0.1','2025-02-20 20:13:33'),(776,13,'GET /13/stats',NULL,'127.0.0.1','2025-02-20 20:13:33'),(777,13,'GET /13/stats',NULL,'127.0.0.1','2025-02-20 20:13:33'),(778,13,'GET /13/stats',NULL,'127.0.0.1','2025-02-20 20:13:33'),(779,13,'GET /',NULL,'127.0.0.1','2025-02-20 20:30:55'),(780,13,'GET /13/stats',NULL,'127.0.0.1','2025-02-20 20:30:55'),(781,13,'GET /',NULL,'127.0.0.1','2025-02-20 20:30:55'),(782,13,'GET /13/stats',NULL,'127.0.0.1','2025-02-20 20:30:55'),(783,13,'GET /',NULL,'127.0.0.1','2025-02-20 20:30:55'),(784,13,'GET /13/stats',NULL,'127.0.0.1','2025-02-20 20:30:55'),(785,13,'GET /13/stats',NULL,'127.0.0.1','2025-02-20 20:30:55'),(786,13,'LOGIN',NULL,'127.0.0.1','2025-02-20 20:32:26'),(787,13,'GET /',NULL,'127.0.0.1','2025-02-20 20:32:27'),(788,13,'GET /',NULL,'127.0.0.1','2025-02-20 20:32:27'),(789,13,'GET /',NULL,'127.0.0.1','2025-02-20 20:32:27'),(790,13,'GET /13/stats',NULL,'127.0.0.1','2025-02-20 20:32:27'),(791,13,'GET /',NULL,'127.0.0.1','2025-02-20 20:32:27'),(792,13,'GET /13/stats',NULL,'127.0.0.1','2025-02-20 20:32:27'),(793,13,'GET /13/stats',NULL,'127.0.0.1','2025-02-20 20:32:27'),(794,13,'GET /13/stats',NULL,'127.0.0.1','2025-02-20 20:32:27'),(795,13,'GET /',NULL,'127.0.0.1','2025-02-20 20:36:39'),(796,13,'GET /13/stats',NULL,'127.0.0.1','2025-02-20 20:36:39'),(797,13,'GET /',NULL,'127.0.0.1','2025-02-20 20:36:39'),(798,13,'GET /13/stats',NULL,'127.0.0.1','2025-02-20 20:36:39'),(799,13,'GET /',NULL,'127.0.0.1','2025-02-20 20:36:39'),(800,13,'GET /',NULL,'127.0.0.1','2025-02-20 20:36:39'),(801,13,'GET /13/stats',NULL,'127.0.0.1','2025-02-20 20:36:39'),(802,13,'GET /13/stats',NULL,'127.0.0.1','2025-02-20 20:36:39'),(803,13,'GET /',NULL,'127.0.0.1','2025-02-20 20:36:42'),(804,13,'GET /13/stats',NULL,'127.0.0.1','2025-02-20 20:36:42'),(805,13,'GET /',NULL,'127.0.0.1','2025-02-20 20:36:42'),(806,13,'GET /13/stats',NULL,'127.0.0.1','2025-02-20 20:36:42'),(807,13,'GET /',NULL,'127.0.0.1','2025-02-20 20:36:42'),(808,13,'GET /13/stats',NULL,'127.0.0.1','2025-02-20 20:36:42'),(809,13,'GET /',NULL,'127.0.0.1','2025-02-20 20:36:42'),(810,13,'GET /13/stats',NULL,'127.0.0.1','2025-02-20 20:36:42'),(811,13,'LOGIN',NULL,'127.0.0.1','2025-02-20 20:36:47'),(812,13,'GET /',NULL,'127.0.0.1','2025-02-20 20:36:47'),(813,13,'GET /13/stats',NULL,'127.0.0.1','2025-02-20 20:36:47'),(814,13,'GET /',NULL,'127.0.0.1','2025-02-20 20:36:47'),(815,13,'GET /',NULL,'127.0.0.1','2025-02-20 20:36:47'),(816,13,'GET /13/stats',NULL,'127.0.0.1','2025-02-20 20:36:47'),(817,13,'GET /',NULL,'127.0.0.1','2025-02-20 20:36:47'),(818,13,'GET /13/stats',NULL,'127.0.0.1','2025-02-20 20:36:47'),(819,13,'GET /13/stats',NULL,'127.0.0.1','2025-02-20 20:36:47'),(820,13,'GET /',NULL,'127.0.0.1','2025-02-20 20:44:02'),(821,13,'GET /',NULL,'127.0.0.1','2025-02-20 20:44:02'),(822,13,'GET /13/stats',NULL,'127.0.0.1','2025-02-20 20:44:02'),(823,13,'GET /',NULL,'127.0.0.1','2025-02-20 20:44:02'),(824,13,'GET /13/stats',NULL,'127.0.0.1','2025-02-20 20:44:02'),(825,13,'GET /',NULL,'127.0.0.1','2025-02-20 20:44:02'),(826,13,'GET /13/stats',NULL,'127.0.0.1','2025-02-20 20:44:02'),(827,13,'GET /13/stats',NULL,'127.0.0.1','2025-02-20 20:44:02'),(828,13,'GET /',NULL,'127.0.0.1','2025-02-20 20:47:30'),(829,13,'GET /13/stats',NULL,'127.0.0.1','2025-02-20 20:47:30'),(830,13,'GET /',NULL,'127.0.0.1','2025-02-20 20:47:30'),(831,13,'GET /13/stats',NULL,'127.0.0.1','2025-02-20 20:47:30'),(832,13,'GET /',NULL,'127.0.0.1','2025-02-20 20:47:30'),(833,13,'GET /',NULL,'127.0.0.1','2025-02-20 20:47:30'),(834,13,'GET /13/stats',NULL,'127.0.0.1','2025-02-20 20:47:30'),(835,13,'GET /13/stats',NULL,'127.0.0.1','2025-02-20 20:47:31'),(836,13,'GET /',NULL,'127.0.0.1','2025-02-20 20:52:37'),(837,13,'GET /13/stats',NULL,'127.0.0.1','2025-02-20 20:52:37'),(838,13,'GET /',NULL,'127.0.0.1','2025-02-20 20:52:37'),(839,13,'GET /',NULL,'127.0.0.1','2025-02-20 20:52:37'),(840,13,'GET /13/stats',NULL,'127.0.0.1','2025-02-20 20:52:37'),(841,13,'GET /',NULL,'127.0.0.1','2025-02-20 20:52:37'),(842,13,'GET /13/stats',NULL,'127.0.0.1','2025-02-20 20:52:37'),(843,13,'GET /13/stats',NULL,'127.0.0.1','2025-02-20 20:52:37'),(844,13,'LOGIN',NULL,'127.0.0.1','2025-02-20 21:00:52'),(845,13,'GET /',NULL,'127.0.0.1','2025-02-20 21:00:52'),(846,13,'GET /13/stats',NULL,'127.0.0.1','2025-02-20 21:00:52'),(847,13,'GET /',NULL,'127.0.0.1','2025-02-20 21:00:52'),(848,13,'GET /13/stats',NULL,'127.0.0.1','2025-02-20 21:00:52'),(849,13,'GET /',NULL,'127.0.0.1','2025-02-20 21:00:52'),(850,13,'GET /',NULL,'127.0.0.1','2025-02-20 21:00:52'),(851,13,'GET /13/stats',NULL,'127.0.0.1','2025-02-20 21:00:52'),(852,13,'GET /13/stats',NULL,'127.0.0.1','2025-02-20 21:00:52'),(853,13,'GET /',NULL,'127.0.0.1','2025-02-20 21:04:07'),(854,13,'GET /13/stats',NULL,'127.0.0.1','2025-02-20 21:04:07'),(855,13,'GET /',NULL,'127.0.0.1','2025-02-20 21:04:07'),(856,13,'GET /13/stats',NULL,'127.0.0.1','2025-02-20 21:04:07'),(857,13,'GET /',NULL,'127.0.0.1','2025-02-20 21:04:07'),(858,13,'GET /13/stats',NULL,'127.0.0.1','2025-02-20 21:04:07'),(859,13,'GET /',NULL,'127.0.0.1','2025-02-20 21:04:07'),(860,13,'GET /13/stats',NULL,'127.0.0.1','2025-02-20 21:04:07'),(861,13,'GET /',NULL,'127.0.0.1','2025-02-20 21:04:23'),(862,13,'GET /',NULL,'127.0.0.1','2025-02-20 21:04:23'),(863,13,'GET /',NULL,'127.0.0.1','2025-02-20 21:04:23'),(864,13,'GET /',NULL,'127.0.0.1','2025-02-20 21:04:23'),(865,2,'LOGIN',NULL,'127.0.0.1','2025-02-20 21:04:34'),(866,2,'GET /',NULL,'127.0.0.1','2025-02-20 21:04:34'),(867,2,'GET /2/stats',NULL,'127.0.0.1','2025-02-20 21:04:34'),(868,2,'GET /',NULL,'127.0.0.1','2025-02-20 21:04:34'),(869,2,'GET /2/stats',NULL,'127.0.0.1','2025-02-20 21:04:34'),(870,2,'GET /',NULL,'127.0.0.1','2025-02-20 21:04:34'),(871,2,'GET /',NULL,'127.0.0.1','2025-02-20 21:04:34'),(872,2,'GET /2/stats',NULL,'127.0.0.1','2025-02-20 21:04:34'),(873,2,'GET /2/stats',NULL,'127.0.0.1','2025-02-20 21:04:34'),(874,2,'GET /',NULL,'127.0.0.1','2025-02-20 21:04:35'),(875,2,'GET /',NULL,'127.0.0.1','2025-02-20 21:04:35'),(876,2,'GET /',NULL,'127.0.0.1','2025-02-20 21:04:35'),(877,2,'GET /',NULL,'127.0.0.1','2025-02-20 21:04:35'),(878,2,'GET /',NULL,'127.0.0.1','2025-02-20 21:07:01'),(879,2,'GET /',NULL,'127.0.0.1','2025-02-20 21:07:01'),(880,2,'GET /',NULL,'127.0.0.1','2025-02-20 21:07:01'),(881,2,'GET /',NULL,'127.0.0.1','2025-02-20 21:07:01'),(882,2,'PUT /9/status',NULL,'127.0.0.1','2025-02-20 21:07:07'),(883,2,'PUT /6/status',NULL,'127.0.0.1','2025-02-20 21:07:09'),(884,2,'GET /',NULL,'127.0.0.1','2025-02-20 21:07:09'),(885,2,'GET /',NULL,'127.0.0.1','2025-02-20 21:07:09'),(886,2,'PUT /2/status',NULL,'127.0.0.1','2025-02-20 21:07:10'),(887,2,'GET /',NULL,'127.0.0.1','2025-02-20 21:07:22'),(888,2,'GET /2/stats',NULL,'127.0.0.1','2025-02-20 21:07:22'),(889,2,'GET /',NULL,'127.0.0.1','2025-02-20 21:07:22'),(890,2,'GET /',NULL,'127.0.0.1','2025-02-20 21:07:22'),(891,2,'GET /2/stats',NULL,'127.0.0.1','2025-02-20 21:07:22'),(892,2,'GET /',NULL,'127.0.0.1','2025-02-20 21:07:22'),(893,2,'GET /2/stats',NULL,'127.0.0.1','2025-02-20 21:07:22'),(894,2,'GET /2/stats',NULL,'127.0.0.1','2025-02-20 21:07:22'),(895,2,'GET /',NULL,'127.0.0.1','2025-02-20 22:50:11'),(896,2,'GET /',NULL,'127.0.0.1','2025-02-20 22:50:11'),(897,2,'GET /',NULL,'127.0.0.1','2025-02-20 22:50:11'),(898,2,'GET /',NULL,'127.0.0.1','2025-02-20 22:50:11'),(899,2,'GET /',NULL,'127.0.0.1','2025-02-20 22:53:48'),(900,2,'GET /',NULL,'127.0.0.1','2025-02-20 22:53:48'),(901,2,'GET /2/stats',NULL,'127.0.0.1','2025-02-20 22:53:48'),(902,2,'GET /',NULL,'127.0.0.1','2025-02-20 22:53:48'),(903,2,'GET /',NULL,'127.0.0.1','2025-02-20 22:53:48'),(904,2,'GET /2/stats',NULL,'127.0.0.1','2025-02-20 22:53:48'),(905,2,'GET /2/stats',NULL,'127.0.0.1','2025-02-20 22:53:48'),(906,2,'GET /2/stats',NULL,'127.0.0.1','2025-02-20 22:53:48'),(907,2,'LOGIN',NULL,'127.0.0.1','2025-02-20 22:53:54'),(908,2,'GET /',NULL,'127.0.0.1','2025-02-20 22:53:54'),(909,2,'GET /2/stats',NULL,'127.0.0.1','2025-02-20 22:53:54'),(910,2,'GET /',NULL,'127.0.0.1','2025-02-20 22:53:54'),(911,2,'GET /',NULL,'127.0.0.1','2025-02-20 22:53:54'),(912,2,'GET /2/stats',NULL,'127.0.0.1','2025-02-20 22:53:54'),(913,2,'GET /',NULL,'127.0.0.1','2025-02-20 22:53:54'),(914,2,'GET /2/stats',NULL,'127.0.0.1','2025-02-20 22:53:54'),(915,2,'GET /2/stats',NULL,'127.0.0.1','2025-02-20 22:53:54'),(916,13,'LOGIN',NULL,'127.0.0.1','2025-02-20 22:54:38'),(917,13,'GET /',NULL,'127.0.0.1','2025-02-20 22:54:39'),(918,13,'GET /',NULL,'127.0.0.1','2025-02-20 22:54:39'),(919,13,'GET /',NULL,'127.0.0.1','2025-02-20 22:54:39'),(920,13,'GET /13/stats',NULL,'127.0.0.1','2025-02-20 22:54:39'),(921,13,'GET /13/stats',NULL,'127.0.0.1','2025-02-20 22:54:39'),(922,13,'GET /13/stats',NULL,'127.0.0.1','2025-02-20 22:54:39'),(923,13,'GET /',NULL,'127.0.0.1','2025-02-20 22:54:39'),(924,13,'GET /13/stats',NULL,'127.0.0.1','2025-02-20 22:54:39'),(925,13,'LOGIN',NULL,'127.0.0.1','2025-02-20 23:11:41'),(926,13,'GET /',NULL,'127.0.0.1','2025-02-20 23:11:41'),(927,13,'GET /',NULL,'127.0.0.1','2025-02-20 23:11:41'),(928,13,'GET /',NULL,'127.0.0.1','2025-02-20 23:11:41'),(929,13,'GET /13/stats',NULL,'127.0.0.1','2025-02-20 23:11:41'),(930,13,'GET /13/stats',NULL,'127.0.0.1','2025-02-20 23:11:41'),(931,13,'GET /13/stats',NULL,'127.0.0.1','2025-02-20 23:11:41'),(932,13,'GET /',NULL,'127.0.0.1','2025-02-20 23:11:41'),(933,13,'GET /13/stats',NULL,'127.0.0.1','2025-02-20 23:11:41'),(934,13,'GET /search',NULL,'127.0.0.1','2025-02-20 23:11:56'),(935,13,'GET /search',NULL,'127.0.0.1','2025-02-20 23:11:57'),(936,13,'GET /search',NULL,'127.0.0.1','2025-02-20 23:11:57'),(937,13,'GET /search',NULL,'127.0.0.1','2025-02-20 23:11:59'),(938,13,'GET /search',NULL,'127.0.0.1','2025-02-20 23:12:05'),(939,13,'GET /search',NULL,'127.0.0.1','2025-02-20 23:12:05'),(940,13,'GET /search',NULL,'127.0.0.1','2025-02-20 23:12:05'),(941,13,'GET /search',NULL,'127.0.0.1','2025-02-20 23:12:07'),(942,13,'GET /search',NULL,'127.0.0.1','2025-02-20 23:12:08'),(943,2,'GET /',NULL,'127.0.0.1','2025-02-20 23:13:12'),(944,2,'GET /2/stats',NULL,'127.0.0.1','2025-02-20 23:13:12'),(945,2,'GET /',NULL,'127.0.0.1','2025-02-20 23:13:12'),(946,2,'GET /2/stats',NULL,'127.0.0.1','2025-02-20 23:13:12'),(947,2,'GET /',NULL,'127.0.0.1','2025-02-20 23:13:12'),(948,2,'GET /2/stats',NULL,'127.0.0.1','2025-02-20 23:13:12'),(949,2,'GET /',NULL,'127.0.0.1','2025-02-20 23:13:12'),(950,2,'GET /2/stats',NULL,'127.0.0.1','2025-02-20 23:13:12'),(951,13,'GET /',NULL,'127.0.0.1','2025-02-20 23:16:55'),(952,13,'GET /',NULL,'127.0.0.1','2025-02-20 23:16:55'),(953,13,'GET /13/stats',NULL,'127.0.0.1','2025-02-20 23:16:55'),(954,13,'GET /13/stats',NULL,'127.0.0.1','2025-02-20 23:16:55'),(955,13,'GET /13/stats',NULL,'127.0.0.1','2025-02-20 23:16:55'),(956,13,'GET /',NULL,'127.0.0.1','2025-02-20 23:16:55'),(957,13,'GET /13/stats',NULL,'127.0.0.1','2025-02-20 23:16:55'),(958,13,'GET /',NULL,'127.0.0.1','2025-02-20 23:16:55'),(959,13,'LOGIN',NULL,'127.0.0.1','2025-02-20 23:16:59'),(960,13,'GET /',NULL,'127.0.0.1','2025-02-20 23:16:59'),(961,13,'GET /',NULL,'127.0.0.1','2025-02-20 23:16:59'),(962,13,'GET /13/stats',NULL,'127.0.0.1','2025-02-20 23:16:59'),(963,13,'GET /13/stats',NULL,'127.0.0.1','2025-02-20 23:16:59'),(964,13,'GET /',NULL,'127.0.0.1','2025-02-20 23:16:59'),(965,13,'GET /13/stats',NULL,'127.0.0.1','2025-02-20 23:16:59'),(966,13,'GET /13/stats',NULL,'127.0.0.1','2025-02-20 23:16:59'),(967,13,'GET /',NULL,'127.0.0.1','2025-02-20 23:16:59'),(968,13,'GET /search',NULL,'127.0.0.1','2025-02-20 23:17:04'),(969,13,'GET /search',NULL,'127.0.0.1','2025-02-20 23:17:04'),(970,13,'GET /search',NULL,'127.0.0.1','2025-02-20 23:17:04'),(971,13,'GET /search',NULL,'127.0.0.1','2025-02-20 23:17:05'),(972,13,'GET /search',NULL,'127.0.0.1','2025-02-20 23:17:10'),(973,13,'GET /search',NULL,'127.0.0.1','2025-02-20 23:17:10'),(974,13,'GET /search',NULL,'127.0.0.1','2025-02-20 23:17:10'),(975,13,'GET /search',NULL,'127.0.0.1','2025-02-20 23:17:12'),(976,13,'GET /search',NULL,'127.0.0.1','2025-02-20 23:17:13'),(977,13,'GET /search',NULL,'127.0.0.1','2025-02-20 23:17:13'),(978,13,'GET /search',NULL,'127.0.0.1','2025-02-20 23:17:13'),(979,13,'GET /search',NULL,'127.0.0.1','2025-02-20 23:17:14'),(980,13,'GET /search',NULL,'127.0.0.1','2025-02-20 23:17:14'),(981,13,'GET /search',NULL,'127.0.0.1','2025-02-20 23:17:14'),(982,13,'GET /search',NULL,'127.0.0.1','2025-02-20 23:17:21'),(983,13,'GET /search',NULL,'127.0.0.1','2025-02-20 23:17:21'),(984,13,'GET /search',NULL,'127.0.0.1','2025-02-20 23:17:21'),(985,13,'GET /search',NULL,'127.0.0.1','2025-02-20 23:17:22'),(986,13,'GET /search',NULL,'127.0.0.1','2025-02-20 23:17:22'),(987,13,'GET /search',NULL,'127.0.0.1','2025-02-20 23:17:27'),(988,13,'GET /search',NULL,'127.0.0.1','2025-02-20 23:17:27'),(989,13,'GET /search',NULL,'127.0.0.1','2025-02-20 23:17:28'),(990,13,'GET /search',NULL,'127.0.0.1','2025-02-20 23:17:31'),(991,13,'GET /search',NULL,'127.0.0.1','2025-02-20 23:17:32'),(992,13,'GET /search',NULL,'127.0.0.1','2025-02-20 23:17:33'),(993,13,'GET /search',NULL,'127.0.0.1','2025-02-20 23:17:36'),(994,13,'GET /search',NULL,'127.0.0.1','2025-02-20 23:17:36'),(995,13,'GET /search',NULL,'127.0.0.1','2025-02-20 23:17:36'),(996,13,'GET /search',NULL,'127.0.0.1','2025-02-20 23:17:38'),(997,13,'GET /search',NULL,'127.0.0.1','2025-02-20 23:22:12'),(998,13,'GET /search',NULL,'127.0.0.1','2025-02-20 23:22:12'),(999,13,'GET /search',NULL,'127.0.0.1','2025-02-20 23:22:19'),(1000,2,'GET /search',NULL,'127.0.0.1','2025-02-20 23:23:22'),(1001,2,'GET /search',NULL,'127.0.0.1','2025-02-20 23:23:22'),(1002,2,'GET /search',NULL,'127.0.0.1','2025-02-20 23:23:22'),(1003,2,'GET /search',NULL,'127.0.0.1','2025-02-20 23:23:22'),(1004,2,'GET /search',NULL,'127.0.0.1','2025-02-20 23:23:22'),(1005,13,'GET /search',NULL,'127.0.0.1','2025-02-20 23:30:39'),(1006,13,'GET /search',NULL,'127.0.0.1','2025-02-20 23:30:40'),(1007,13,'GET /search',NULL,'127.0.0.1','2025-02-20 23:30:40'),(1008,13,'GET /search',NULL,'127.0.0.1','2025-02-20 23:30:40'),(1009,13,'GET /search',NULL,'127.0.0.1','2025-02-20 23:34:30'),(1010,13,'GET /search',NULL,'127.0.0.1','2025-02-20 23:34:30'),(1011,13,'GET /search',NULL,'127.0.0.1','2025-02-20 23:34:30'),(1012,13,'GET /search',NULL,'127.0.0.1','2025-02-20 23:34:30'),(1013,13,'LOGIN',NULL,'127.0.0.1','2025-02-20 23:40:08'),(1014,13,'GET /',NULL,'127.0.0.1','2025-02-20 23:40:08'),(1015,13,'GET /',NULL,'127.0.0.1','2025-02-20 23:40:08'),(1016,13,'GET /',NULL,'127.0.0.1','2025-02-20 23:40:08'),(1017,13,'GET /13/stats',NULL,'127.0.0.1','2025-02-20 23:40:08'),(1018,13,'GET /13/stats',NULL,'127.0.0.1','2025-02-20 23:40:08'),(1019,13,'GET /13/stats',NULL,'127.0.0.1','2025-02-20 23:40:08'),(1020,13,'GET /13/stats',NULL,'127.0.0.1','2025-02-20 23:40:08'),(1021,13,'GET /',NULL,'127.0.0.1','2025-02-20 23:40:08'),(1022,2,'LOGIN',NULL,'127.0.0.1','2025-02-20 23:40:14'),(1023,2,'GET /',NULL,'127.0.0.1','2025-02-20 23:40:14'),(1024,2,'GET /2/stats',NULL,'127.0.0.1','2025-02-20 23:40:14'),(1025,2,'GET /',NULL,'127.0.0.1','2025-02-20 23:40:14'),(1026,2,'GET /2/stats',NULL,'127.0.0.1','2025-02-20 23:40:14'),(1027,2,'GET /',NULL,'127.0.0.1','2025-02-20 23:40:14'),(1028,2,'GET /2/stats',NULL,'127.0.0.1','2025-02-20 23:40:14'),(1029,2,'GET /',NULL,'127.0.0.1','2025-02-20 23:40:14'),(1030,2,'GET /2/stats',NULL,'127.0.0.1','2025-02-20 23:40:14'),(1031,2,'GET /search',NULL,'127.0.0.1','2025-02-20 23:40:20'),(1032,2,'GET /search',NULL,'127.0.0.1','2025-02-20 23:40:20'),(1033,2,'GET /search',NULL,'127.0.0.1','2025-02-20 23:40:20'),(1034,2,'GET /search',NULL,'127.0.0.1','2025-02-20 23:40:20'),(1035,2,'GET /search',NULL,'127.0.0.1','2025-02-20 23:40:20'),(1036,13,'GET /search',NULL,'127.0.0.1','2025-02-20 23:40:35'),(1037,13,'GET /search',NULL,'127.0.0.1','2025-02-20 23:40:35'),(1038,13,'GET /search',NULL,'127.0.0.1','2025-02-20 23:44:37'),(1039,13,'GET /search',NULL,'127.0.0.1','2025-02-20 23:44:38'),(1040,13,'GET /search',NULL,'127.0.0.1','2025-02-20 23:44:38'),(1041,13,'GET /search',NULL,'127.0.0.1','2025-02-20 23:44:38'),(1042,13,'LOGIN',NULL,'127.0.0.1','2025-02-20 23:44:45'),(1043,13,'GET /',NULL,'127.0.0.1','2025-02-20 23:44:45'),(1044,13,'GET /',NULL,'127.0.0.1','2025-02-20 23:44:45'),(1045,13,'GET /',NULL,'127.0.0.1','2025-02-20 23:44:45'),(1046,13,'GET /',NULL,'127.0.0.1','2025-02-20 23:44:45'),(1047,13,'GET /13/stats',NULL,'127.0.0.1','2025-02-20 23:44:45'),(1048,13,'GET /13/stats',NULL,'127.0.0.1','2025-02-20 23:44:45'),(1049,13,'GET /13/stats',NULL,'127.0.0.1','2025-02-20 23:44:45'),(1050,13,'GET /13/stats',NULL,'127.0.0.1','2025-02-20 23:44:45'),(1051,13,'GET /search',NULL,'127.0.0.1','2025-02-20 23:44:49'),(1052,13,'GET /search',NULL,'127.0.0.1','2025-02-20 23:44:50'),(1053,13,'GET /search',NULL,'127.0.0.1','2025-02-20 23:44:51'),(1054,13,'GET /',NULL,'127.0.0.1','2025-02-20 23:45:01'),(1055,13,'GET /',NULL,'127.0.0.1','2025-02-20 23:45:01'),(1056,13,'GET /',NULL,'127.0.0.1','2025-02-20 23:45:01'),(1057,13,'GET /',NULL,'127.0.0.1','2025-02-20 23:45:01'),(1058,13,'GET /13/stats',NULL,'127.0.0.1','2025-02-20 23:45:01'),(1059,13,'GET /13/stats',NULL,'127.0.0.1','2025-02-20 23:45:01'),(1060,13,'GET /13/stats',NULL,'127.0.0.1','2025-02-20 23:45:01'),(1061,13,'GET /13/stats',NULL,'127.0.0.1','2025-02-20 23:45:01'),(1062,13,'GET /',NULL,'127.0.0.1','2025-02-20 23:45:18'),(1063,13,'GET /',NULL,'127.0.0.1','2025-02-20 23:45:18'),(1064,13,'GET /',NULL,'127.0.0.1','2025-02-20 23:45:18'),(1065,13,'GET /',NULL,'127.0.0.1','2025-02-20 23:45:18'),(1066,13,'GET /',NULL,'127.0.0.1','2025-02-20 23:45:19'),(1067,13,'GET /',NULL,'127.0.0.1','2025-02-20 23:45:19'),(1068,13,'GET /',NULL,'127.0.0.1','2025-02-20 23:45:19'),(1069,13,'GET /13/stats',NULL,'127.0.0.1','2025-02-20 23:45:19'),(1070,13,'GET /13/stats',NULL,'127.0.0.1','2025-02-20 23:45:19'),(1071,13,'GET /13/stats',NULL,'127.0.0.1','2025-02-20 23:45:19'),(1072,13,'GET /',NULL,'127.0.0.1','2025-02-20 23:45:19'),(1073,13,'GET /13/stats',NULL,'127.0.0.1','2025-02-20 23:45:19'),(1074,13,'GET /13/stats',NULL,'127.0.0.1','2025-02-21 00:01:52'),(1075,13,'GET /13/stats',NULL,'127.0.0.1','2025-02-21 00:01:52'),(1076,13,'GET /13/stats',NULL,'127.0.0.1','2025-02-21 00:01:52'),(1077,13,'GET /13/stats',NULL,'127.0.0.1','2025-02-21 00:01:52'),(1078,2,'GET /2/stats',NULL,'127.0.0.1','2025-02-21 00:04:10'),(1079,2,'GET /2/stats',NULL,'127.0.0.1','2025-02-21 00:04:10'),(1080,2,'GET /2/stats',NULL,'127.0.0.1','2025-02-21 00:04:10'),(1081,2,'GET /2/stats',NULL,'127.0.0.1','2025-02-21 00:04:11'),(1082,2,'GET /2/stats',NULL,'127.0.0.1','2025-02-21 00:09:09'),(1083,2,'GET /2/stats',NULL,'127.0.0.1','2025-02-21 00:09:09'),(1084,2,'GET /2/stats',NULL,'127.0.0.1','2025-02-21 00:09:09'),(1085,2,'GET /search',NULL,'127.0.0.1','2025-02-21 00:10:05'),(1086,2,'GET /search',NULL,'127.0.0.1','2025-02-21 00:10:05'),(1087,2,'POST /',NULL,'127.0.0.1','2025-02-21 00:10:08'),(1088,13,'GET /13/stats',NULL,'127.0.0.1','2025-02-21 00:10:16'),(1089,13,'GET /13/stats',NULL,'127.0.0.1','2025-02-21 00:10:16'),(1090,13,'GET /13/stats',NULL,'127.0.0.1','2025-02-21 00:10:16'),(1091,13,'GET /13/stats',NULL,'127.0.0.1','2025-02-21 00:10:16'),(1092,13,'LOGIN',NULL,'127.0.0.1','2025-02-21 00:10:25'),(1093,13,'GET /13/stats',NULL,'127.0.0.1','2025-02-21 00:10:25'),(1094,13,'GET /13/stats',NULL,'127.0.0.1','2025-02-21 00:10:25'),(1095,13,'GET /13/stats',NULL,'127.0.0.1','2025-02-21 00:10:25'),(1096,13,'GET /13/stats',NULL,'127.0.0.1','2025-02-21 00:10:25'),(1097,2,'LOGIN',NULL,'127.0.0.1','2025-02-21 16:55:48'),(1098,2,'GET /2/stats',NULL,'127.0.0.1','2025-02-21 16:55:48'),(1099,2,'GET /2/stats',NULL,'127.0.0.1','2025-02-21 16:55:48'),(1100,2,'GET /2/stats',NULL,'127.0.0.1','2025-02-21 16:55:48'),(1101,2,'GET /2/stats',NULL,'127.0.0.1','2025-02-21 16:55:48'),(1102,2,'GET /search',NULL,'127.0.0.1','2025-02-21 17:02:21'),(1103,2,'GET /search',NULL,'127.0.0.1','2025-02-21 17:02:21'),(1104,2,'POST /',NULL,'127.0.0.1','2025-02-21 17:02:23'),(1105,2,'POST /',NULL,'127.0.0.1','2025-02-21 17:02:25'),(1106,2,'GET /2/stats',NULL,'127.0.0.1','2025-02-21 17:02:27'),(1107,2,'GET /2/stats',NULL,'127.0.0.1','2025-02-21 17:02:27'),(1108,2,'LOGIN',NULL,'127.0.0.1','2025-02-21 17:05:15'),(1109,13,'LOGIN',NULL,'127.0.0.1','2025-02-21 17:06:05'),(1110,13,'GET /13/stats',NULL,'127.0.0.1','2025-02-21 17:06:05'),(1111,13,'GET /13/stats',NULL,'127.0.0.1','2025-02-21 17:06:05'),(1112,13,'GET /13/stats',NULL,'127.0.0.1','2025-02-21 17:06:05'),(1113,13,'GET /13/stats',NULL,'127.0.0.1','2025-02-21 17:06:05'),(1114,2,'POST /',NULL,'127.0.0.1','2025-02-21 17:08:56'),(1115,2,'POST /',NULL,'127.0.0.1','2025-02-21 17:11:18'),(1116,2,'GET /',NULL,'127.0.0.1','2025-02-21 17:12:15'),(1117,2,'POST /',NULL,'127.0.0.1','2025-02-21 17:13:46'),(1118,2,'GET /',NULL,'127.0.0.1','2025-02-21 17:14:24'),(1119,2,'POST /',NULL,'127.0.0.1','2025-02-21 17:15:59'),(1120,13,'LOGIN',NULL,'127.0.0.1','2025-02-21 17:19:07'),(1121,13,'GET /',NULL,'127.0.0.1','2025-02-21 17:19:56'),(1122,13,'GET /13/stats',NULL,'127.0.0.1','2025-02-21 17:23:55'),(1123,13,'GET /13/stats',NULL,'127.0.0.1','2025-02-21 17:23:55'),(1124,13,'GET /13/stats',NULL,'127.0.0.1','2025-02-21 17:23:55'),(1125,13,'GET /13/stats',NULL,'127.0.0.1','2025-02-21 17:23:55'),(1126,13,'LOGIN',NULL,'127.0.0.1','2025-02-21 17:32:17'),(1127,13,'GET /13/stats',NULL,'127.0.0.1','2025-02-21 17:32:18'),(1128,13,'GET /13/stats',NULL,'127.0.0.1','2025-02-21 17:32:18'),(1129,13,'GET /13/stats',NULL,'127.0.0.1','2025-02-21 17:32:18'),(1130,13,'GET /13/stats',NULL,'127.0.0.1','2025-02-21 17:32:18'),(1131,2,'LOGIN',NULL,'127.0.0.1','2025-02-21 17:32:49'),(1132,2,'GET /2/stats',NULL,'127.0.0.1','2025-02-21 17:32:49'),(1133,2,'GET /2/stats',NULL,'127.0.0.1','2025-02-21 17:32:49'),(1134,2,'GET /2/stats',NULL,'127.0.0.1','2025-02-21 17:32:49'),(1135,2,'GET /2/stats',NULL,'127.0.0.1','2025-02-21 17:32:49'),(1136,2,'GET /2/stats',NULL,'127.0.0.1','2025-02-21 17:33:54'),(1137,2,'GET /2/stats',NULL,'127.0.0.1','2025-02-21 17:33:54'),(1138,2,'GET /2/stats',NULL,'127.0.0.1','2025-02-21 17:33:54'),(1139,2,'GET /2/stats',NULL,'127.0.0.1','2025-02-21 17:33:54'),(1140,13,'LOGIN',NULL,'127.0.0.1','2025-02-21 17:36:32'),(1141,13,'GET /13/stats',NULL,'127.0.0.1','2025-02-21 17:36:32'),(1142,13,'GET /13/stats',NULL,'127.0.0.1','2025-02-21 17:36:32'),(1143,13,'GET /13/stats',NULL,'127.0.0.1','2025-02-21 17:36:32'),(1144,13,'GET /13/stats',NULL,'127.0.0.1','2025-02-21 17:36:32'),(1145,13,'GET /',NULL,'127.0.0.1','2025-02-21 17:38:04'),(1146,13,'GET /',NULL,'127.0.0.1','2025-02-21 17:38:04'),(1147,2,'LOGIN',NULL,'127.0.0.1','2025-02-21 17:40:38'),(1148,2,'GET /2/stats',NULL,'127.0.0.1','2025-02-21 17:40:38'),(1149,2,'GET /2/stats',NULL,'127.0.0.1','2025-02-21 17:40:38'),(1150,2,'GET /2/stats',NULL,'127.0.0.1','2025-02-21 17:40:39'),(1151,2,'GET /2/stats',NULL,'127.0.0.1','2025-02-21 17:40:39'),(1152,2,'GET /2/stats',NULL,'127.0.0.1','2025-02-21 17:42:35'),(1153,2,'GET /2/stats',NULL,'127.0.0.1','2025-02-21 17:42:35'),(1154,2,'GET /2/stats',NULL,'127.0.0.1','2025-02-21 17:42:35'),(1155,2,'GET /2/stats',NULL,'127.0.0.1','2025-02-21 17:42:35'),(1156,2,'GET /',NULL,'127.0.0.1','2025-02-21 17:43:34'),(1157,2,'GET /',NULL,'127.0.0.1','2025-02-21 17:43:34'),(1158,13,'LOGIN',NULL,'127.0.0.1','2025-02-21 17:43:44'),(1159,13,'GET /13/stats',NULL,'127.0.0.1','2025-02-21 17:43:44'),(1160,13,'GET /',NULL,'127.0.0.1','2025-02-21 17:43:44'),(1161,13,'GET /13/stats',NULL,'127.0.0.1','2025-02-21 17:43:44'),(1162,13,'GET /',NULL,'127.0.0.1','2025-02-21 17:43:44'),(1163,13,'GET /13/stats',NULL,'127.0.0.1','2025-02-21 17:43:44'),(1164,13,'GET /13/stats',NULL,'127.0.0.1','2025-02-21 17:43:44'),(1165,13,'GET /',NULL,'127.0.0.1','2025-02-21 17:43:47'),(1166,13,'GET /',NULL,'127.0.0.1','2025-02-21 17:43:47'),(1167,13,'GET /',NULL,'127.0.0.1','2025-02-21 17:45:38'),(1168,13,'GET /',NULL,'127.0.0.1','2025-02-21 17:45:38'),(1169,13,'GET /',NULL,'127.0.0.1','2025-02-21 17:45:43'),(1170,13,'GET /',NULL,'127.0.0.1','2025-02-21 17:45:43'),(1171,13,'GET /',NULL,'127.0.0.1','2025-02-21 17:46:33'),(1172,13,'GET /',NULL,'127.0.0.1','2025-02-21 17:49:43'),(1173,13,'GET /',NULL,'127.0.0.1','2025-02-21 17:49:43'),(1174,2,'LOGIN',NULL,'127.0.0.1','2025-02-21 17:49:54'),(1175,2,'GET /2/stats',NULL,'127.0.0.1','2025-02-21 17:49:54'),(1176,2,'GET /',NULL,'127.0.0.1','2025-02-21 17:49:54'),(1177,2,'GET /',NULL,'127.0.0.1','2025-02-21 17:49:54'),(1178,2,'GET /2/stats',NULL,'127.0.0.1','2025-02-21 17:49:54'),(1179,2,'GET /2/stats',NULL,'127.0.0.1','2025-02-21 17:49:54'),(1180,2,'GET /2/stats',NULL,'127.0.0.1','2025-02-21 17:49:54'),(1181,2,'GET /',NULL,'127.0.0.1','2025-02-21 17:49:59'),(1182,2,'GET /',NULL,'127.0.0.1','2025-02-21 17:49:59'),(1183,2,'GET /',NULL,'127.0.0.1','2025-02-21 17:51:42'),(1184,2,'GET /',NULL,'127.0.0.1','2025-02-21 17:52:04'),(1185,2,'GET /',NULL,'127.0.0.1','2025-02-21 17:52:04'),(1186,2,'GET /',NULL,'127.0.0.1','2025-02-21 17:52:05'),(1187,2,'GET /',NULL,'127.0.0.1','2025-02-21 17:52:05'),(1188,13,'LOGIN',NULL,'127.0.0.1','2025-02-21 17:52:15'),(1189,13,'GET /13/stats',NULL,'127.0.0.1','2025-02-21 17:52:15'),(1190,13,'GET /',NULL,'127.0.0.1','2025-02-21 17:52:15'),(1191,13,'GET /13/stats',NULL,'127.0.0.1','2025-02-21 17:52:15'),(1192,13,'GET /',NULL,'127.0.0.1','2025-02-21 17:52:15'),(1193,13,'GET /13/stats',NULL,'127.0.0.1','2025-02-21 17:52:15'),(1194,13,'GET /13/stats',NULL,'127.0.0.1','2025-02-21 17:52:15'),(1195,13,'GET /',NULL,'127.0.0.1','2025-02-21 17:52:19'),(1196,13,'GET /',NULL,'127.0.0.1','2025-02-21 17:52:19'),(1197,13,'PUT /11/status',NULL,'127.0.0.1','2025-02-21 17:52:20'),(1198,13,'GET /',NULL,'127.0.0.1','2025-02-21 17:52:21'),(1199,13,'GET /',NULL,'127.0.0.1','2025-02-21 17:52:23'),(1200,13,'GET /',NULL,'127.0.0.1','2025-02-21 17:52:23'),(1201,2,'LOGIN',NULL,'127.0.0.1','2025-02-21 17:52:36'),(1202,2,'GET /2/stats',NULL,'127.0.0.1','2025-02-21 17:52:36'),(1203,2,'GET /',NULL,'127.0.0.1','2025-02-21 17:52:36'),(1204,2,'GET /2/stats',NULL,'127.0.0.1','2025-02-21 17:52:36'),(1205,2,'GET /',NULL,'127.0.0.1','2025-02-21 17:52:36'),(1206,2,'GET /2/stats',NULL,'127.0.0.1','2025-02-21 17:52:36'),(1207,2,'GET /2/stats',NULL,'127.0.0.1','2025-02-21 17:52:36'),(1208,2,'GET /2/stats',NULL,'127.0.0.1','2025-02-21 17:58:45'),(1209,2,'GET /2/stats',NULL,'127.0.0.1','2025-02-21 17:58:45'),(1210,2,'GET /',NULL,'127.0.0.1','2025-02-21 17:58:45'),(1211,2,'GET /2/stats',NULL,'127.0.0.1','2025-02-21 17:58:45'),(1212,2,'GET /',NULL,'127.0.0.1','2025-02-21 17:58:45'),(1213,2,'GET /2/stats',NULL,'127.0.0.1','2025-02-21 17:58:45'),(1214,2,'GET /',NULL,'127.0.0.1','2025-02-21 17:58:49'),(1215,2,'GET /',NULL,'127.0.0.1','2025-02-21 17:58:49'),(1216,2,'GET /',NULL,'127.0.0.1','2025-02-21 17:58:56'),(1217,2,'GET /',NULL,'127.0.0.1','2025-02-21 17:58:56'),(1218,2,'LOGIN',NULL,'127.0.0.1','2025-02-21 17:59:03'),(1219,2,'GET /2/stats',NULL,'127.0.0.1','2025-02-21 17:59:03'),(1220,2,'GET /',NULL,'127.0.0.1','2025-02-21 17:59:03'),(1221,2,'GET /',NULL,'127.0.0.1','2025-02-21 17:59:03'),(1222,2,'GET /2/stats',NULL,'127.0.0.1','2025-02-21 17:59:03'),(1223,2,'GET /2/stats',NULL,'127.0.0.1','2025-02-21 17:59:03'),(1224,2,'GET /2/stats',NULL,'127.0.0.1','2025-02-21 17:59:03'),(1225,2,'GET /2/stats',NULL,'127.0.0.1','2025-02-21 18:00:41'),(1226,2,'GET /2/stats',NULL,'127.0.0.1','2025-02-21 18:00:41'),(1227,2,'GET /2/stats',NULL,'127.0.0.1','2025-02-21 18:00:41'),(1228,2,'GET /2/stats',NULL,'127.0.0.1','2025-02-21 18:00:41'),(1229,2,'GET /',NULL,'127.0.0.1','2025-02-21 18:00:41'),(1230,2,'GET /',NULL,'127.0.0.1','2025-02-21 18:00:41'),(1231,2,'GET /2/stats',NULL,'127.0.0.1','2025-02-21 18:00:41'),(1232,2,'GET /2/stats',NULL,'127.0.0.1','2025-02-21 18:00:41'),(1233,13,'LOGIN',NULL,'127.0.0.1','2025-02-21 18:00:50'),(1234,13,'GET /13/stats',NULL,'127.0.0.1','2025-02-21 18:00:50'),(1235,13,'GET /13/stats',NULL,'127.0.0.1','2025-02-21 18:00:50'),(1236,13,'GET /13/stats',NULL,'127.0.0.1','2025-02-21 18:00:50'),(1237,13,'GET /',NULL,'127.0.0.1','2025-02-21 18:00:50'),(1238,13,'GET /13/stats',NULL,'127.0.0.1','2025-02-21 18:00:50'),(1239,13,'GET /',NULL,'127.0.0.1','2025-02-21 18:00:50'),(1240,13,'GET /13/stats',NULL,'127.0.0.1','2025-02-21 18:00:50'),(1241,13,'GET /13/stats',NULL,'127.0.0.1','2025-02-21 18:00:50'),(1242,2,'LOGIN',NULL,'127.0.0.1','2025-02-21 18:01:02'),(1243,2,'GET /2/stats',NULL,'127.0.0.1','2025-02-21 18:01:02'),(1244,2,'GET /2/stats',NULL,'127.0.0.1','2025-02-21 18:01:02'),(1245,2,'GET /2/stats',NULL,'127.0.0.1','2025-02-21 18:01:02'),(1246,2,'GET /',NULL,'127.0.0.1','2025-02-21 18:01:02'),(1247,2,'GET /2/stats',NULL,'127.0.0.1','2025-02-21 18:01:02'),(1248,2,'GET /',NULL,'127.0.0.1','2025-02-21 18:01:02'),(1249,2,'GET /2/stats',NULL,'127.0.0.1','2025-02-21 18:01:02'),(1250,2,'GET /2/stats',NULL,'127.0.0.1','2025-02-21 18:01:02'),(1251,2,'GET /',NULL,'127.0.0.1','2025-02-21 18:03:02'),(1252,2,'GET /',NULL,'127.0.0.1','2025-02-21 18:03:02'),(1253,2,'GET /',NULL,'127.0.0.1','2025-02-21 18:04:35'),(1254,2,'GET /',NULL,'127.0.0.1','2025-02-21 18:04:35'),(1255,2,'GET /',NULL,'127.0.0.1','2025-02-21 18:04:35'),(1256,2,'GET /2/stats',NULL,'127.0.0.1','2025-02-21 18:06:56'),(1257,2,'GET /2/stats',NULL,'127.0.0.1','2025-02-21 18:06:56'),(1258,2,'GET /2/stats',NULL,'127.0.0.1','2025-02-21 18:06:56'),(1259,2,'GET /2/stats',NULL,'127.0.0.1','2025-02-21 18:06:56'),(1260,2,'GET /2/stats',NULL,'127.0.0.1','2025-02-21 18:06:56'),(1261,2,'GET /',NULL,'127.0.0.1','2025-02-21 18:06:56'),(1262,2,'GET /',NULL,'127.0.0.1','2025-02-21 18:06:56'),(1263,2,'GET /',NULL,'127.0.0.1','2025-02-21 18:06:56'),(1264,2,'GET /2/stats',NULL,'127.0.0.1','2025-02-21 18:06:56'),(1265,2,'GET /',NULL,'127.0.0.1','2025-02-21 18:06:56'),(1266,2,'GET /',NULL,'127.0.0.1','2025-02-21 18:06:56'),(1267,2,'GET /',NULL,'127.0.0.1','2025-02-21 18:06:56'),(1268,2,'LOGIN',NULL,'127.0.0.1','2025-02-21 18:07:03'),(1269,2,'GET /2/stats',NULL,'127.0.0.1','2025-02-21 18:07:04'),(1270,2,'GET /2/stats',NULL,'127.0.0.1','2025-02-21 18:07:04'),(1271,2,'GET /2/stats',NULL,'127.0.0.1','2025-02-21 18:07:04'),(1272,2,'GET /',NULL,'127.0.0.1','2025-02-21 18:07:04'),(1273,2,'GET /2/stats',NULL,'127.0.0.1','2025-02-21 18:07:04'),(1274,2,'GET /',NULL,'127.0.0.1','2025-02-21 18:07:04'),(1275,2,'GET /2/stats',NULL,'127.0.0.1','2025-02-21 18:07:04'),(1276,2,'GET /',NULL,'127.0.0.1','2025-02-21 18:07:04'),(1277,2,'GET /2/stats',NULL,'127.0.0.1','2025-02-21 18:07:04'),(1278,2,'GET /',NULL,'127.0.0.1','2025-02-21 18:07:04'),(1279,2,'GET /',NULL,'127.0.0.1','2025-02-21 18:07:04'),(1280,2,'GET /',NULL,'127.0.0.1','2025-02-21 18:07:04'),(1281,2,'GET /2/stats',NULL,'127.0.0.1','2025-02-21 18:10:38'),(1282,2,'GET /2/stats',NULL,'127.0.0.1','2025-02-21 18:10:38'),(1283,2,'GET /2/stats',NULL,'127.0.0.1','2025-02-21 18:10:38'),(1284,2,'GET /2/stats',NULL,'127.0.0.1','2025-02-21 18:10:38'),(1285,2,'GET /',NULL,'127.0.0.1','2025-02-21 18:10:38'),(1286,2,'GET /',NULL,'127.0.0.1','2025-02-21 18:10:38'),(1287,2,'GET /2/stats',NULL,'127.0.0.1','2025-02-21 18:10:38'),(1288,2,'GET /',NULL,'127.0.0.1','2025-02-21 18:10:38'),(1289,2,'GET /2/stats',NULL,'127.0.0.1','2025-02-21 18:10:38'),(1290,2,'GET /',NULL,'127.0.0.1','2025-02-21 18:10:38'),(1291,2,'GET /',NULL,'127.0.0.1','2025-02-21 18:10:38'),(1292,2,'GET /',NULL,'127.0.0.1','2025-02-21 18:10:38'),(1293,2,'GET /',NULL,'127.0.0.1','2025-02-21 18:12:06'),(1294,2,'GET /',NULL,'127.0.0.1','2025-02-21 18:12:06'),(1295,2,'GET /',NULL,'127.0.0.1','2025-02-21 18:12:18'),(1296,2,'GET /',NULL,'127.0.0.1','2025-02-21 18:12:18'),(1297,2,'GET /',NULL,'127.0.0.1','2025-02-21 18:12:20'),(1298,2,'GET /',NULL,'127.0.0.1','2025-02-21 18:12:20'),(1299,2,'GET /',NULL,'127.0.0.1','2025-02-21 18:12:45'),(1300,2,'GET /',NULL,'127.0.0.1','2025-02-21 18:12:45'),(1301,2,'GET /',NULL,'127.0.0.1','2025-02-21 18:12:48'),(1302,2,'GET /',NULL,'127.0.0.1','2025-02-21 18:12:48'),(1303,2,'GET /',NULL,'127.0.0.1','2025-02-21 18:12:49'),(1304,2,'GET /',NULL,'127.0.0.1','2025-02-21 18:12:49'),(1305,2,'GET /',NULL,'127.0.0.1','2025-02-21 18:15:20'),(1306,2,'GET /',NULL,'127.0.0.1','2025-02-21 18:15:20'),(1307,2,'LOGIN',NULL,'127.0.0.1','2025-02-21 18:15:26'),(1308,2,'GET /2/stats',NULL,'127.0.0.1','2025-02-21 18:15:26'),(1309,2,'GET /2/stats',NULL,'127.0.0.1','2025-02-21 18:15:26'),(1310,2,'GET /2/stats',NULL,'127.0.0.1','2025-02-21 18:15:26'),(1311,2,'GET /',NULL,'127.0.0.1','2025-02-21 18:15:26'),(1312,2,'GET /2/stats',NULL,'127.0.0.1','2025-02-21 18:15:26'),(1313,2,'GET /',NULL,'127.0.0.1','2025-02-21 18:15:26'),(1314,2,'GET /2/stats',NULL,'127.0.0.1','2025-02-21 18:15:26'),(1315,2,'GET /',NULL,'127.0.0.1','2025-02-21 18:15:26'),(1316,2,'GET /2/stats',NULL,'127.0.0.1','2025-02-21 18:15:26'),(1317,2,'GET /',NULL,'127.0.0.1','2025-02-21 18:15:26'),(1318,2,'GET /search',NULL,'127.0.0.1','2025-02-21 18:15:34'),(1319,2,'GET /search',NULL,'127.0.0.1','2025-02-21 18:15:35'),(1320,2,'GET /search',NULL,'127.0.0.1','2025-02-21 18:15:35'),(1321,2,'GET /search',NULL,'127.0.0.1','2025-02-21 18:15:35'),(1322,2,'GET /2/stats',NULL,'127.0.0.1','2025-02-21 18:15:48'),(1323,2,'GET /2/stats',NULL,'127.0.0.1','2025-02-21 18:15:48'),(1324,2,'GET /2/stats',NULL,'127.0.0.1','2025-02-21 18:15:48'),(1325,2,'GET /',NULL,'127.0.0.1','2025-02-21 18:15:48'),(1326,2,'GET /2/stats',NULL,'127.0.0.1','2025-02-21 18:15:48'),(1327,2,'GET /',NULL,'127.0.0.1','2025-02-21 18:15:48'),(1328,2,'GET /2/stats',NULL,'127.0.0.1','2025-02-21 18:15:48'),(1329,2,'GET /',NULL,'127.0.0.1','2025-02-21 18:15:48'),(1330,2,'GET /2/stats',NULL,'127.0.0.1','2025-02-21 18:15:48'),(1331,2,'GET /',NULL,'127.0.0.1','2025-02-21 18:15:48'),(1332,13,'GET /',NULL,'127.0.0.1','2025-02-21 18:55:57'),(1333,2,'GET /',NULL,'127.0.0.1','2025-02-21 19:02:58'),(1334,2,'GET /',NULL,'127.0.0.1','2025-02-21 19:02:58'),(1335,2,'GET /',NULL,'127.0.0.1','2025-02-21 19:02:58'),(1336,2,'GET /',NULL,'127.0.0.1','2025-02-21 19:02:58'),(1337,2,'GET /2/stats',NULL,'127.0.0.1','2025-02-21 19:02:59'),(1338,2,'GET /2/stats',NULL,'127.0.0.1','2025-02-21 19:02:59'),(1339,2,'GET /2/stats',NULL,'127.0.0.1','2025-02-21 19:02:59'),(1340,2,'GET /',NULL,'127.0.0.1','2025-02-21 19:02:59'),(1341,2,'GET /2/stats',NULL,'127.0.0.1','2025-02-21 19:02:59'),(1342,2,'GET /',NULL,'127.0.0.1','2025-02-21 19:02:59'),(1343,2,'GET /2/stats',NULL,'127.0.0.1','2025-02-21 19:02:59'),(1344,2,'GET /',NULL,'127.0.0.1','2025-02-21 19:02:59'),(1345,2,'GET /2/stats',NULL,'127.0.0.1','2025-02-21 19:02:59'),(1346,2,'GET /',NULL,'127.0.0.1','2025-02-21 19:02:59'),(1347,2,'GET /',NULL,'127.0.0.1','2025-02-21 19:03:00'),(1348,2,'GET /',NULL,'127.0.0.1','2025-02-21 19:03:00'),(1349,2,'GET /',NULL,'127.0.0.1','2025-02-21 19:03:00'),(1350,2,'GET /',NULL,'127.0.0.1','2025-02-21 19:03:00'),(1351,2,'GET /',NULL,'127.0.0.1','2025-02-21 19:07:06'),(1352,2,'GET /',NULL,'127.0.0.1','2025-02-21 19:07:06'),(1353,2,'GET /',NULL,'127.0.0.1','2025-02-21 19:07:06'),(1354,2,'GET /',NULL,'127.0.0.1','2025-02-21 19:07:06'),(1355,2,'GET /',NULL,'127.0.0.1','2025-02-21 19:15:18'),(1356,2,'GET /',NULL,'127.0.0.1','2025-02-21 19:15:18'),(1357,2,'GET /',NULL,'127.0.0.1','2025-02-21 19:15:18'),(1358,2,'GET /',NULL,'127.0.0.1','2025-02-21 19:15:18'),(1359,2,'GET /',NULL,'127.0.0.1','2025-02-21 19:15:20'),(1360,2,'GET /',NULL,'127.0.0.1','2025-02-21 19:15:20'),(1361,2,'PUT /2/status',NULL,'127.0.0.1','2025-02-21 19:15:23'),(1362,2,'GET /',NULL,'127.0.0.1','2025-02-21 19:15:23'),(1363,2,'GET /',NULL,'127.0.0.1','2025-02-21 19:15:25'),(1364,2,'GET /',NULL,'127.0.0.1','2025-02-21 19:15:25'),(1365,2,'GET /2/stats',NULL,'127.0.0.1','2025-02-21 19:15:30'),(1366,2,'GET /2/stats',NULL,'127.0.0.1','2025-02-21 19:15:30'),(1367,2,'GET /2/stats',NULL,'127.0.0.1','2025-02-21 19:15:30'),(1368,2,'GET /',NULL,'127.0.0.1','2025-02-21 19:15:30'),(1369,2,'GET /2/stats',NULL,'127.0.0.1','2025-02-21 19:15:30'),(1370,2,'GET /',NULL,'127.0.0.1','2025-02-21 19:15:30'),(1371,2,'GET /2/stats',NULL,'127.0.0.1','2025-02-21 19:15:30'),(1372,2,'GET /',NULL,'127.0.0.1','2025-02-21 19:15:30'),(1373,2,'GET /2/stats',NULL,'127.0.0.1','2025-02-21 19:15:30'),(1374,2,'GET /',NULL,'127.0.0.1','2025-02-21 19:15:30'),(1375,2,'GET /',NULL,'127.0.0.1','2025-02-21 19:15:32'),(1376,2,'GET /',NULL,'127.0.0.1','2025-02-21 19:15:32'),(1377,2,'GET /',NULL,'127.0.0.1','2025-02-21 19:15:32'),(1378,2,'GET /',NULL,'127.0.0.1','2025-02-21 19:15:32'),(1379,2,'GET /2/stats',NULL,'127.0.0.1','2025-02-21 19:15:34'),(1380,2,'GET /2/stats',NULL,'127.0.0.1','2025-02-21 19:15:34'),(1381,2,'GET /2/stats',NULL,'127.0.0.1','2025-02-21 19:15:35'),(1382,2,'GET /',NULL,'127.0.0.1','2025-02-21 19:15:35'),(1383,2,'GET /',NULL,'127.0.0.1','2025-02-21 19:15:35'),(1384,2,'GET /2/stats',NULL,'127.0.0.1','2025-02-21 19:15:35'),(1385,2,'GET /',NULL,'127.0.0.1','2025-02-21 19:15:35'),(1386,2,'GET /2/stats',NULL,'127.0.0.1','2025-02-21 19:15:35'),(1387,2,'GET /',NULL,'127.0.0.1','2025-02-21 19:15:35'),(1388,2,'GET /2/stats',NULL,'127.0.0.1','2025-02-21 19:15:35'),(1389,12,'LOGIN',NULL,'127.0.0.1','2025-02-21 19:18:56'),(1390,12,'GET /12/stats',NULL,'127.0.0.1','2025-02-21 19:18:56'),(1391,12,'GET /12/stats',NULL,'127.0.0.1','2025-02-21 19:18:56'),(1392,12,'GET /12/stats',NULL,'127.0.0.1','2025-02-21 19:18:56'),(1393,12,'GET /',NULL,'127.0.0.1','2025-02-21 19:18:56'),(1394,12,'GET /',NULL,'127.0.0.1','2025-02-21 19:18:56'),(1395,12,'GET /12/stats',NULL,'127.0.0.1','2025-02-21 19:18:56'),(1396,12,'GET /',NULL,'127.0.0.1','2025-02-21 19:18:56'),(1397,12,'GET /12/stats',NULL,'127.0.0.1','2025-02-21 19:18:56'),(1398,12,'GET /',NULL,'127.0.0.1','2025-02-21 19:18:56'),(1399,12,'GET /12/stats',NULL,'127.0.0.1','2025-02-21 19:18:56'),(1400,12,'GET /',NULL,'127.0.0.1','2025-02-21 19:18:59'),(1401,12,'GET /',NULL,'127.0.0.1','2025-02-21 19:18:59'),(1402,12,'GET /',NULL,'127.0.0.1','2025-02-21 19:19:10'),(1403,12,'GET /',NULL,'127.0.0.1','2025-02-21 19:19:10'),(1404,12,'GET /search',NULL,'127.0.0.1','2025-02-21 19:19:18'),(1405,12,'GET /search',NULL,'127.0.0.1','2025-02-21 19:19:18'),(1406,12,'GET /search',NULL,'127.0.0.1','2025-02-21 19:19:18'),(1407,12,'GET /search',NULL,'127.0.0.1','2025-02-21 19:19:18'),(1408,12,'GET /search',NULL,'127.0.0.1','2025-02-21 19:19:18'),(1409,12,'POST /',NULL,'127.0.0.1','2025-02-21 19:19:20'),(1410,12,'POST /',NULL,'127.0.0.1','2025-02-21 19:19:22'),(1411,12,'POST /',NULL,'127.0.0.1','2025-02-21 19:19:32'),(1412,12,'GET /12/stats',NULL,'127.0.0.1','2025-02-21 19:21:07'),(1413,12,'GET /12/stats',NULL,'127.0.0.1','2025-02-21 19:21:07'),(1414,12,'GET /12/stats',NULL,'127.0.0.1','2025-02-21 19:21:07'),(1415,12,'GET /12/stats',NULL,'127.0.0.1','2025-02-21 19:21:07'),(1416,12,'GET /12/stats',NULL,'127.0.0.1','2025-02-21 19:21:07'),(1417,12,'GET /',NULL,'127.0.0.1','2025-02-21 19:21:07'),(1418,12,'GET /',NULL,'127.0.0.1','2025-02-21 19:21:07'),(1419,12,'GET /12/stats',NULL,'127.0.0.1','2025-02-21 19:21:07'),(1420,12,'GET /',NULL,'127.0.0.1','2025-02-21 19:21:07'),(1421,12,'GET /',NULL,'127.0.0.1','2025-02-21 19:21:07'),(1422,12,'LOGIN',NULL,'127.0.0.1','2025-02-21 19:21:11'),(1423,12,'GET /12/stats',NULL,'127.0.0.1','2025-02-21 19:21:11'),(1424,12,'GET /12/stats',NULL,'127.0.0.1','2025-02-21 19:21:11'),(1425,12,'GET /12/stats',NULL,'127.0.0.1','2025-02-21 19:21:11'),(1426,12,'GET /',NULL,'127.0.0.1','2025-02-21 19:21:11'),(1427,12,'GET /12/stats',NULL,'127.0.0.1','2025-02-21 19:21:11'),(1428,12,'GET /',NULL,'127.0.0.1','2025-02-21 19:21:11'),(1429,12,'GET /',NULL,'127.0.0.1','2025-02-21 19:21:11'),(1430,12,'GET /12/stats',NULL,'127.0.0.1','2025-02-21 19:21:11'),(1431,12,'GET /',NULL,'127.0.0.1','2025-02-21 19:21:11'),(1432,12,'GET /12/stats',NULL,'127.0.0.1','2025-02-21 19:21:11'),(1433,12,'GET /',NULL,'127.0.0.1','2025-02-21 19:21:19'),(1434,12,'GET /',NULL,'127.0.0.1','2025-02-21 19:21:19'),(1435,12,'GET /',NULL,'127.0.0.1','2025-02-21 19:24:04'),(1436,12,'GET /',NULL,'127.0.0.1','2025-02-21 19:24:04'),(1437,12,'GET /12/stats',NULL,'127.0.0.1','2025-02-21 19:24:15'),(1438,12,'GET /',NULL,'127.0.0.1','2025-02-21 19:24:15'),(1439,12,'GET /',NULL,'127.0.0.1','2025-02-21 19:24:15'),(1440,12,'GET /12/stats',NULL,'127.0.0.1','2025-02-21 19:24:15'),(1441,12,'GET /',NULL,'127.0.0.1','2025-02-21 19:24:15'),(1442,12,'GET /',NULL,'127.0.0.1','2025-02-21 19:24:15'),(1443,12,'GET /',NULL,'127.0.0.1','2025-02-21 19:24:16'),(1444,12,'GET /',NULL,'127.0.0.1','2025-02-21 19:24:16'),(1445,12,'LOGIN',NULL,'127.0.0.1','2025-02-21 19:25:41'),(1446,12,'GET /12/stats',NULL,'127.0.0.1','2025-02-21 19:25:41'),(1447,12,'GET /12/stats',NULL,'127.0.0.1','2025-02-21 19:25:41'),(1448,12,'GET /12/stats',NULL,'127.0.0.1','2025-02-21 19:25:41'),(1449,12,'GET /',NULL,'127.0.0.1','2025-02-21 19:25:41'),(1450,12,'GET /12/stats',NULL,'127.0.0.1','2025-02-21 19:25:41'),(1451,12,'GET /',NULL,'127.0.0.1','2025-02-21 19:25:41'),(1452,12,'GET /12/stats',NULL,'127.0.0.1','2025-02-21 19:25:41'),(1453,12,'GET /',NULL,'127.0.0.1','2025-02-21 19:25:41'),(1454,12,'GET /12/stats',NULL,'127.0.0.1','2025-02-21 19:25:41'),(1455,12,'GET /',NULL,'127.0.0.1','2025-02-21 19:25:41'),(1456,12,'GET /',NULL,'127.0.0.1','2025-02-21 19:25:45'),(1457,12,'GET /',NULL,'127.0.0.1','2025-02-21 19:25:45'),(1458,12,'GET /12/stats',NULL,'127.0.0.1','2025-02-21 19:34:39'),(1459,12,'GET /12/stats',NULL,'127.0.0.1','2025-02-21 19:34:39'),(1460,12,'GET /12/stats',NULL,'127.0.0.1','2025-02-21 19:34:39'),(1461,12,'GET /12/stats',NULL,'127.0.0.1','2025-02-21 19:34:39'),(1462,12,'GET /12/stats',NULL,'127.0.0.1','2025-02-21 19:34:39'),(1463,12,'GET /',NULL,'127.0.0.1','2025-02-21 19:34:39'),(1464,12,'GET /12/stats',NULL,'127.0.0.1','2025-02-21 19:34:39'),(1465,12,'GET /',NULL,'127.0.0.1','2025-02-21 19:34:39'),(1466,12,'GET /',NULL,'127.0.0.1','2025-02-21 19:34:39'),(1467,12,'GET /',NULL,'127.0.0.1','2025-02-21 19:34:39'),(1468,12,'LOGIN',NULL,'127.0.0.1','2025-02-21 19:34:45'),(1469,12,'GET /12/stats',NULL,'127.0.0.1','2025-02-21 19:34:45'),(1470,12,'GET /12/stats',NULL,'127.0.0.1','2025-02-21 19:34:45'),(1471,12,'GET /12/stats',NULL,'127.0.0.1','2025-02-21 19:34:45'),(1472,12,'GET /',NULL,'127.0.0.1','2025-02-21 19:34:45'),(1473,12,'GET /12/stats',NULL,'127.0.0.1','2025-02-21 19:34:45'),(1474,12,'GET /',NULL,'127.0.0.1','2025-02-21 19:34:45'),(1475,12,'GET /12/stats',NULL,'127.0.0.1','2025-02-21 19:34:45'),(1476,12,'GET /',NULL,'127.0.0.1','2025-02-21 19:34:45'),(1477,12,'GET /',NULL,'127.0.0.1','2025-02-21 19:34:45'),(1478,12,'GET /12/stats',NULL,'127.0.0.1','2025-02-21 19:34:45'),(1479,12,'GET /',NULL,'127.0.0.1','2025-02-21 19:43:10'),(1480,12,'GET /',NULL,'127.0.0.1','2025-02-21 19:43:10'),(1481,12,'GET /',NULL,'127.0.0.1','2025-02-21 19:43:15'),(1482,12,'GET /',NULL,'127.0.0.1','2025-02-21 19:43:15'),(1483,2,'POST /',NULL,'127.0.0.1','2025-02-21 20:03:44'),(1484,2,'POST /',NULL,'127.0.0.1','2025-02-21 20:06:02'),(1485,2,'POST /',NULL,'127.0.0.1','2025-02-21 20:07:46'),(1486,2,'LOGIN',NULL,'127.0.0.1','2025-02-21 20:08:27'),(1487,2,'POST /',NULL,'127.0.0.1','2025-02-21 20:10:32'),(1488,2,'POST /',NULL,'127.0.0.1','2025-02-21 20:11:22'),(1489,2,'POST /',NULL,'127.0.0.1','2025-02-21 20:29:28'),(1490,12,'GET /',NULL,'127.0.0.1','2025-02-21 20:29:55'),(1491,12,'GET /',NULL,'127.0.0.1','2025-02-21 20:29:55'),(1492,12,'GET /',NULL,'127.0.0.1','2025-02-21 20:29:55'),(1493,12,'GET /',NULL,'127.0.0.1','2025-02-21 20:29:55'),(1494,12,'GET /12/stats',NULL,'127.0.0.1','2025-02-21 20:29:56'),(1495,12,'GET /12/stats',NULL,'127.0.0.1','2025-02-21 20:29:56'),(1496,12,'GET /12/stats',NULL,'127.0.0.1','2025-02-21 20:29:56'),(1497,12,'GET /',NULL,'127.0.0.1','2025-02-21 20:29:56'),(1498,12,'GET /12/stats',NULL,'127.0.0.1','2025-02-21 20:29:56'),(1499,12,'GET /',NULL,'127.0.0.1','2025-02-21 20:29:56'),(1500,12,'GET /12/stats',NULL,'127.0.0.1','2025-02-21 20:29:56'),(1501,12,'GET /',NULL,'127.0.0.1','2025-02-21 20:29:56'),(1502,12,'GET /12/stats',NULL,'127.0.0.1','2025-02-21 20:29:56'),(1503,12,'GET /',NULL,'127.0.0.1','2025-02-21 20:29:56'),(1504,11,'LOGIN',NULL,'127.0.0.1','2025-02-21 20:30:02'),(1505,11,'GET /11/stats',NULL,'127.0.0.1','2025-02-21 20:30:02'),(1506,11,'GET /11/stats',NULL,'127.0.0.1','2025-02-21 20:30:02'),(1507,11,'GET /11/stats',NULL,'127.0.0.1','2025-02-21 20:30:02'),(1508,11,'GET /',NULL,'127.0.0.1','2025-02-21 20:30:02'),(1509,11,'GET /',NULL,'127.0.0.1','2025-02-21 20:30:02'),(1510,11,'GET /11/stats',NULL,'127.0.0.1','2025-02-21 20:30:02'),(1511,11,'GET /',NULL,'127.0.0.1','2025-02-21 20:30:02'),(1512,11,'GET /11/stats',NULL,'127.0.0.1','2025-02-21 20:30:02'),(1513,11,'GET /',NULL,'127.0.0.1','2025-02-21 20:30:02'),(1514,11,'GET /11/stats',NULL,'127.0.0.1','2025-02-21 20:30:02'),(1515,11,'GET /',NULL,'127.0.0.1','2025-02-21 20:30:03'),(1516,11,'GET /',NULL,'127.0.0.1','2025-02-21 20:30:03'),(1517,11,'PUT /8/status',NULL,'127.0.0.1','2025-02-21 20:30:08'),(1518,11,'GET /',NULL,'127.0.0.1','2025-02-21 20:30:08'),(1519,11,'PUT /9/status',NULL,'127.0.0.1','2025-02-21 20:30:09'),(1520,11,'GET /',NULL,'127.0.0.1','2025-02-21 20:30:09'),(1521,11,'PUT /10/status',NULL,'127.0.0.1','2025-02-21 20:30:09'),(1522,11,'GET /',NULL,'127.0.0.1','2025-02-21 20:30:09'),(1523,2,'GET /',NULL,'127.0.0.1','2025-02-21 20:31:48'),(1524,2,'POST /',NULL,'127.0.0.1','2025-02-21 20:34:57'),(1525,2,'POST /',NULL,'127.0.0.1','2025-02-21 20:37:25'),(1526,12,'LOGIN',NULL,'127.0.0.1','2025-02-21 22:14:14'),(1527,13,'LOGIN',NULL,'127.0.0.1','2025-02-21 22:15:34'),(1528,13,'LOGIN',NULL,'127.0.0.1','2025-02-21 22:22:22'),(1529,13,'LOGIN',NULL,'127.0.0.1','2025-02-21 22:23:46'),(1530,2,'LOGIN',NULL,'127.0.0.1','2025-02-21 22:24:08'),(1531,2,'LOGIN',NULL,'127.0.0.1','2025-02-21 22:28:24'),(1532,2,'LOGIN',NULL,'127.0.0.1','2025-02-21 22:30:11'),(1533,2,'LOGIN',NULL,'127.0.0.1','2025-02-21 22:39:35'),(1534,2,'LOGIN',NULL,'127.0.0.1','2025-03-01 15:11:14'),(1535,2,'LOGIN',NULL,'127.0.0.1','2025-04-27 23:27:02');
/*!40000 ALTER TABLE `activity_logs` ENABLE KEYS */;
UNLOCK TABLES;

--
-- Table structure for table `connections`
--

DROP TABLE IF EXISTS `connections`;
/*!40101 SET @saved_cs_client     = @@character_set_client */;
/*!50503 SET character_set_client = utf8mb4 */;
CREATE TABLE `connections` (
  `id` int NOT NULL AUTO_INCREMENT,
  `user_id` int DEFAULT NULL,
  `connected_user_id` int DEFAULT NULL,
  `created_at` timestamp NULL DEFAULT CURRENT_TIMESTAMP,
  `status` enum('pending','accepted','rejected') DEFAULT 'pending',
  PRIMARY KEY (`id`),
  KEY `user_id` (`user_id`),
  KEY `connected_user_id` (`connected_user_id`),
  CONSTRAINT `connections_ibfk_1` FOREIGN KEY (`user_id`) REFERENCES `users` (`id`),
  CONSTRAINT `connections_ibfk_2` FOREIGN KEY (`connected_user_id`) REFERENCES `users` (`id`)
) ENGINE=InnoDB AUTO_INCREMENT=12 DEFAULT CHARSET=utf8mb4 COLLATE=utf8mb4_0900_ai_ci;
/*!40101 SET character_set_client = @saved_cs_client */;

--
-- Dumping data for table `connections`
--

LOCK TABLES `connections` WRITE;
/*!40000 ALTER TABLE `connections` DISABLE KEYS */;
INSERT INTO `connections` VALUES (1,12,1,'2025-01-31 15:24:58','pending'),(2,12,2,'2025-01-31 15:24:58','accepted'),(3,12,3,'2025-01-31 15:24:58','pending'),(4,12,4,'2025-01-31 15:24:58','pending'),(5,12,5,'2025-01-31 15:24:58','pending'),(6,2,1,'2025-02-15 23:46:57','pending'),(7,12,11,'2025-02-16 03:49:22','rejected'),(8,11,12,'2025-02-16 03:57:25','pending'),(9,11,2,'2025-02-16 04:29:05','pending'),(10,11,12,'2025-02-16 04:29:14','pending'),(11,2,13,'2025-02-21 17:15:59','accepted');
/*!40000 ALTER TABLE `connections` ENABLE KEYS */;
UNLOCK TABLES;

--
-- Table structure for table `conversation_participants`
--

DROP TABLE IF EXISTS `conversation_participants`;
/*!40101 SET @saved_cs_client     = @@character_set_client */;
/*!50503 SET character_set_client = utf8mb4 */;
CREATE TABLE `conversation_participants` (
  `conversation_id` int NOT NULL,
  `user_id` int NOT NULL,
  PRIMARY KEY (`conversation_id`,`user_id`),
  KEY `user_id` (`user_id`),
  CONSTRAINT `conversation_participants_ibfk_1` FOREIGN KEY (`conversation_id`) REFERENCES `conversations` (`id`),
  CONSTRAINT `conversation_participants_ibfk_2` FOREIGN KEY (`user_id`) REFERENCES `users` (`id`)
) ENGINE=InnoDB DEFAULT CHARSET=utf8mb4 COLLATE=utf8mb4_0900_ai_ci;
/*!40101 SET character_set_client = @saved_cs_client */;

--
-- Dumping data for table `conversation_participants`
--

LOCK TABLES `conversation_participants` WRITE;
/*!40000 ALTER TABLE `conversation_participants` DISABLE KEYS */;
INSERT INTO `conversation_participants` VALUES (6,2),(6,13);
/*!40000 ALTER TABLE `conversation_participants` ENABLE KEYS */;
UNLOCK TABLES;

--
-- Table structure for table `conversations`
--

DROP TABLE IF EXISTS `conversations`;
/*!40101 SET @saved_cs_client     = @@character_set_client */;
/*!50503 SET character_set_client = utf8mb4 */;
CREATE TABLE `conversations` (
  `id` int NOT NULL AUTO_INCREMENT,
  `created_at` timestamp NULL DEFAULT CURRENT_TIMESTAMP,
  `updated_at` timestamp NULL DEFAULT CURRENT_TIMESTAMP ON UPDATE CURRENT_TIMESTAMP,
  PRIMARY KEY (`id`)
) ENGINE=InnoDB AUTO_INCREMENT=7 DEFAULT CHARSET=utf8mb4 COLLATE=utf8mb4_0900_ai_ci;
/*!40101 SET character_set_client = @saved_cs_client */;

--
-- Dumping data for table `conversations`
--

LOCK TABLES `conversations` WRITE;
/*!40000 ALTER TABLE `conversations` DISABLE KEYS */;
INSERT INTO `conversations` VALUES (6,'2025-02-21 21:01:07','2025-02-21 21:01:07');
/*!40000 ALTER TABLE `conversations` ENABLE KEYS */;
UNLOCK TABLES;

--
-- Table structure for table `messages`
--

DROP TABLE IF EXISTS `messages`;
/*!40101 SET @saved_cs_client     = @@character_set_client */;
/*!50503 SET character_set_client = utf8mb4 */;
CREATE TABLE `messages` (
  `id` int NOT NULL AUTO_INCREMENT,
  `conversation_id` int DEFAULT NULL,
  `sender_id` int DEFAULT NULL,
  `content` text NOT NULL,
  `is_read` tinyint(1) DEFAULT '0',
  `created_at` timestamp NULL DEFAULT CURRENT_TIMESTAMP,
  PRIMARY KEY (`id`),
  KEY `conversation_id` (`conversation_id`),
  KEY `sender_id` (`sender_id`),
  CONSTRAINT `messages_ibfk_1` FOREIGN KEY (`conversation_id`) REFERENCES `conversations` (`id`),
  CONSTRAINT `messages_ibfk_2` FOREIGN KEY (`sender_id`) REFERENCES `users` (`id`)
) ENGINE=InnoDB AUTO_INCREMENT=2 DEFAULT CHARSET=utf8mb4 COLLATE=utf8mb4_0900_ai_ci;
/*!40101 SET character_set_client = @saved_cs_client */;

--
-- Dumping data for table `messages`
--

LOCK TABLES `messages` WRITE;
/*!40000 ALTER TABLE `messages` DISABLE KEYS */;
INSERT INTO `messages` VALUES (1,6,2,'Hello there!',0,'2025-02-21 21:52:30');
/*!40000 ALTER TABLE `messages` ENABLE KEYS */;
UNLOCK TABLES;

--
-- Table structure for table `reports`
--

DROP TABLE IF EXISTS `reports`;
/*!40101 SET @saved_cs_client     = @@character_set_client */;
/*!50503 SET character_set_client = utf8mb4 */;
CREATE TABLE `reports` (
  `id` int NOT NULL AUTO_INCREMENT,
  `reporter_id` int NOT NULL,
  `reported_id` int NOT NULL,
  `reason` text NOT NULL,
  `status` enum('pending','reviewed','resolved') DEFAULT 'pending',
  `created_at` timestamp NULL DEFAULT CURRENT_TIMESTAMP,
  `description` text,
  PRIMARY KEY (`id`),
  KEY `reporter_id` (`reporter_id`),
  KEY `reported_id` (`reported_id`),
  KEY `idx_report_status` (`status`),
  CONSTRAINT `reports_ibfk_1` FOREIGN KEY (`reporter_id`) REFERENCES `users` (`id`),
  CONSTRAINT `reports_ibfk_2` FOREIGN KEY (`reported_id`) REFERENCES `users` (`id`)
) ENGINE=InnoDB AUTO_INCREMENT=2 DEFAULT CHARSET=utf8mb4 COLLATE=utf8mb4_0900_ai_ci;
/*!40101 SET character_set_client = @saved_cs_client */;

--
-- Dumping data for table `reports`
--

LOCK TABLES `reports` WRITE;
/*!40000 ALTER TABLE `reports` DISABLE KEYS */;
INSERT INTO `reports` VALUES (1,2,1,'Test Report','pending','2025-02-15 23:23:04','Testing the report system functionality');
/*!40000 ALTER TABLE `reports` ENABLE KEYS */;
UNLOCK TABLES;

--
-- Table structure for table `reviews`
--

DROP TABLE IF EXISTS `reviews`;
/*!40101 SET @saved_cs_client     = @@character_set_client */;
/*!50503 SET character_set_client = utf8mb4 */;
CREATE TABLE `reviews` (
  `id` int NOT NULL AUTO_INCREMENT,
  `reviewer_id` int NOT NULL,
  `reviewee_id` int NOT NULL,
  `rating` int NOT NULL,
  `comment` text,
  `created_at` timestamp NULL DEFAULT CURRENT_TIMESTAMP,
  `updated_at` timestamp NULL DEFAULT CURRENT_TIMESTAMP ON UPDATE CURRENT_TIMESTAMP,
  PRIMARY KEY (`id`),
  KEY `reviewer_id` (`reviewer_id`),
  KEY `reviewee_id` (`reviewee_id`),
  CONSTRAINT `reviews_ibfk_1` FOREIGN KEY (`reviewer_id`) REFERENCES `users` (`id`),
  CONSTRAINT `reviews_ibfk_2` FOREIGN KEY (`reviewee_id`) REFERENCES `users` (`id`),
  CONSTRAINT `reviews_ibfk_3` FOREIGN KEY (`reviewer_id`) REFERENCES `users` (`id`),
  CONSTRAINT `reviews_ibfk_4` FOREIGN KEY (`reviewee_id`) REFERENCES `users` (`id`),
  CONSTRAINT `reviews_chk_1` CHECK (((`rating` >= 1) and (`rating` <= 5)))
) ENGINE=InnoDB AUTO_INCREMENT=21 DEFAULT CHARSET=utf8mb4 COLLATE=utf8mb4_0900_ai_ci;
/*!40101 SET character_set_client = @saved_cs_client */;

--
-- Dumping data for table `reviews`
--

LOCK TABLES `reviews` WRITE;
/*!40000 ALTER TABLE `reviews` DISABLE KEYS */;
INSERT INTO `reviews` VALUES (1,1,2,5,'Great experience!','2025-01-24 16:33:48','2025-01-24 16:33:48'),(2,1,2,5,'Fantastic work! Exceeded expectations and delivered ahead of schedule.','2025-01-24 17:02:12','2025-01-24 17:02:12'),(3,2,3,3,'The work was okay. There’s room for improvement but it wasn’t bad.','2025-01-24 17:02:23','2025-01-24 17:02:23'),(4,3,4,1,'Disappointed with the work quality. Deadlines were missed, and communication was poor.','2025-01-24 17:02:34','2025-01-24 17:02:34'),(5,1,2,5,'Fantastic work! Exceeded expectations and delivered ahead of schedule.','2025-01-25 00:10:52','2025-01-25 00:10:52'),(6,1,2,5,'Fantastic work! Exceeded expectations and delivered ahead of schedule.','2025-01-25 00:11:10','2025-01-25 00:11:10'),(13,1,12,5,'Excellent communication and very professional!','2025-01-31 16:09:33','2025-01-31 16:09:33'),(14,2,12,4,'Great experience working together','2025-01-31 16:09:33','2025-01-31 16:09:33'),(15,3,12,5,'Very reliable and skilled','2025-01-31 16:09:33','2025-01-31 16:09:33'),(16,2,1,5,'Excellent user','2025-02-15 21:35:13','2025-02-15 21:35:13'),(17,3,1,4,'Good experience','2025-02-15 21:35:13','2025-02-15 21:35:13'),(18,4,1,5,'Very trustworthy','2025-02-15 21:35:13','2025-02-15 21:35:13'),(19,12,2,5,'good guy','2025-02-16 01:35:28','2025-02-16 01:35:28'),(20,1,2,5,'Excellent user, very trustworthy!','2025-02-16 01:42:44','2025-02-16 01:42:44');
/*!40000 ALTER TABLE `reviews` ENABLE KEYS */;
UNLOCK TABLES;

--
-- Table structure for table `user_sessions`
--

DROP TABLE IF EXISTS `user_sessions`;
/*!40101 SET @saved_cs_client     = @@character_set_client */;
/*!50503 SET character_set_client = utf8mb4 */;
CREATE TABLE `user_sessions` (
  `id` int NOT NULL AUTO_INCREMENT,
  `user_id` int NOT NULL,
  `token` varchar(255) NOT NULL,
  `expires_at` timestamp NOT NULL,
  `created_at` timestamp NULL DEFAULT CURRENT_TIMESTAMP,
  PRIMARY KEY (`id`),
  KEY `idx_session_user` (`user_id`),
  KEY `idx_session_token` (`token`),
  CONSTRAINT `user_sessions_ibfk_1` FOREIGN KEY (`user_id`) REFERENCES `users` (`id`)
) ENGINE=InnoDB AUTO_INCREMENT=156 DEFAULT CHARSET=utf8mb4 COLLATE=utf8mb4_0900_ai_ci;
/*!40101 SET character_set_client = @saved_cs_client */;

--
-- Dumping data for table `user_sessions`
--

LOCK TABLES `user_sessions` WRITE;
/*!40000 ALTER TABLE `user_sessions` DISABLE KEYS */;
INSERT INTO `user_sessions` VALUES (1,11,'eyJhbGciOiJIUzI1NiIsInR5cCI6IkpXVCJ9.eyJ1c2VySWQiOjExLCJpYXQiOjE3Mzk2NTY3MjEsImV4cCI6MTczOTc0MzEyMX0.nRGmrunVQK8rFlCfJoeCZFzS0XEEpfZ4jYxOlqewGzU','2025-02-16 21:58:42','2025-02-15 21:58:41'),(2,2,'eyJhbGciOiJIUzI1NiIsInR5cCI6IkpXVCJ9.eyJ1c2VySWQiOjIsImlhdCI6MTczOTY2MDcyOSwiZXhwIjoxNzM5NzQ3MTI5fQ.XQY7stvsqgazePaHiOkmZ6jR_XuNkIyUT4adT7MKlX8','2025-02-16 23:05:30','2025-02-15 23:05:29'),(3,12,'eyJhbGciOiJIUzI1NiIsInR5cCI6IkpXVCJ9.eyJ1c2VySWQiOjEyLCJpYXQiOjE3Mzk2NjYyMTIsImV4cCI6MTczOTc1MjYxMn0.tQPIprrt5rfpXoaf1rMQqbXFzWEMSE5i4L3D9ty_jHU','2025-02-17 00:36:52','2025-02-16 00:36:52'),(4,11,'eyJhbGciOiJIUzI1NiIsInR5cCI6IkpXVCJ9.eyJ1c2VySWQiOjExLCJpYXQiOjE3Mzk2NjYyMzMsImV4cCI6MTczOTc1MjYzM30.1_0Aybn9n1-16ExW7-j-EJgMfazekFek2s63mW-Iv2A','2025-02-17 00:37:13','2025-02-16 00:37:13'),(5,2,'eyJhbGciOiJIUzI1NiIsInR5cCI6IkpXVCJ9.eyJ1c2VySWQiOjIsImlhdCI6MTczOTY2NjI5NiwiZXhwIjoxNzM5NzUyNjk2fQ.RcJTNTAydQxlPS1qye4iX-8tllENmr3qO1V7TFcuOcI','2025-02-17 00:38:16','2025-02-16 00:38:16'),(6,2,'eyJhbGciOiJIUzI1NiIsInR5cCI6IkpXVCJ9.eyJ1c2VySWQiOjIsImlhdCI6MTczOTY2Njg5NSwiZXhwIjoxNzM5NzUzMjk1fQ.T0d3JiT27OuACU4k1mSrO06MMxRWyrkpQZdM1U2NoXQ','2025-02-17 00:48:15','2025-02-16 00:48:15'),(7,2,'eyJhbGciOiJIUzI1NiIsInR5cCI6IkpXVCJ9.eyJ1c2VySWQiOjIsImlhdCI6MTczOTY2NzI5MiwiZXhwIjoxNzM5NzUzNjkyfQ.8c07mtBxcyKJHSoixgDfRWt48K-i9elKct_ERA91Kfw','2025-02-17 00:54:52','2025-02-16 00:54:52'),(8,2,'eyJhbGciOiJIUzI1NiIsInR5cCI6IkpXVCJ9.eyJ1c2VySWQiOjIsImlhdCI6MTczOTY2NzMxNSwiZXhwIjoxNzM5NzUzNzE1fQ.uBTfjUcP6WVTDk5VMMxcb6RfrGX1Qjh8AC2igc9hzhE','2025-02-17 00:55:16','2025-02-16 00:55:15'),(9,2,'eyJhbGciOiJIUzI1NiIsInR5cCI6IkpXVCJ9.eyJ1c2VySWQiOjIsImlhdCI6MTczOTY2NzQxNCwiZXhwIjoxNzM5NzUzODE0fQ.84uHkNkjbreLJEqh6MAYNYaIc3BepTUx1MW63eiRv-4','2025-02-17 00:56:54','2025-02-16 00:56:54'),(10,2,'eyJhbGciOiJIUzI1NiIsInR5cCI6IkpXVCJ9.eyJ1c2VySWQiOjIsImlhdCI6MTczOTY2NzYzMCwiZXhwIjoxNzM5NzU0MDMwfQ.WWC6kpVndf5RAprOOCFRUFwH8le-3BkcCNe_pKX1dGA','2025-02-17 01:00:31','2025-02-16 01:00:30'),(11,2,'eyJhbGciOiJIUzI1NiIsInR5cCI6IkpXVCJ9.eyJ1c2VySWQiOjIsImlhdCI6MTczOTY2Nzc0MywiZXhwIjoxNzM5NzU0MTQzfQ.LjtCNF1T0sW2Bg9QRuZC-jV8BOl6h1HbcahBJRqvvak','2025-02-17 01:02:23','2025-02-16 01:02:23'),(12,2,'eyJhbGciOiJIUzI1NiIsInR5cCI6IkpXVCJ9.eyJ1c2VySWQiOjIsImlhdCI6MTczOTY2Nzg0NSwiZXhwIjoxNzM5NzU0MjQ1fQ.AtFUbMKugO_w1nRdGiyUzanRtKgSU0FkMlICE0kGtA0','2025-02-17 01:04:06','2025-02-16 01:04:05'),(13,2,'eyJhbGciOiJIUzI1NiIsInR5cCI6IkpXVCJ9.eyJ1c2VySWQiOjIsImlhdCI6MTczOTY2ODA2NCwiZXhwIjoxNzM5NzU0NDY0fQ.lEzZ2zuOZ1fLImX4yrettGaEtszw40xAibiKCEFu9qU','2025-02-17 01:07:45','2025-02-16 01:07:44'),(14,2,'eyJhbGciOiJIUzI1NiIsInR5cCI6IkpXVCJ9.eyJ1c2VySWQiOjIsImlhdCI6MTczOTY2ODMwMiwiZXhwIjoxNzM5NzU0NzAyfQ.NL0bOEAu3gz8mb27dLF6zk_ZWLssbMdm1GB0i-q0FWw','2025-02-17 01:11:42','2025-02-16 01:11:42'),(15,2,'eyJhbGciOiJIUzI1NiIsInR5cCI6IkpXVCJ9.eyJ1c2VySWQiOjIsImlhdCI6MTczOTY2ODM2MiwiZXhwIjoxNzM5NzU0NzYyfQ.L7aBej82mffeijvc8OnsxWhyNjz6mQNnUP26-m8Os3M','2025-02-17 01:12:42','2025-02-16 01:12:42'),(16,2,'eyJhbGciOiJIUzI1NiIsInR5cCI6IkpXVCJ9.eyJ1c2VySWQiOjIsImlhdCI6MTczOTY2ODM4NCwiZXhwIjoxNzM5NzU0Nzg0fQ.z-I8PR_jfpvA5sfyqYZoaqWf8PoV8mXmEsG4qrE86T0','2025-02-17 01:13:04','2025-02-16 01:13:04'),(17,2,'eyJhbGciOiJIUzI1NiIsInR5cCI6IkpXVCJ9.eyJ1c2VySWQiOjIsImlhdCI6MTczOTY2OTMwNCwiZXhwIjoxNzM5NzU1NzA0fQ.cItOb8zN03XsDhXZ5M8VqpsSh8UiR8vIjEWYllaQ9XM','2025-02-17 01:28:24','2025-02-16 01:28:24'),(18,2,'eyJhbGciOiJIUzI1NiIsInR5cCI6IkpXVCJ9.eyJ1c2VySWQiOjIsImlhdCI6MTczOTY2OTQxMCwiZXhwIjoxNzM5NzU1ODEwfQ.AVaLFbuCyiBel_bwCp2_Qg02vjjo26KcGhnLm-LYHmQ','2025-02-17 01:30:10','2025-02-16 01:30:10'),(19,2,'eyJhbGciOiJIUzI1NiIsInR5cCI6IkpXVCJ9.eyJ1c2VySWQiOjIsImlhdCI6MTczOTY2OTQ5NiwiZXhwIjoxNzM5NzU1ODk2fQ.iW1oY_qkFPNVE_pHVvx4_hTQfUP454QGB-tkIe_tjGU','2025-02-17 01:31:37','2025-02-16 01:31:36'),(20,2,'eyJhbGciOiJIUzI1NiIsInR5cCI6IkpXVCJ9.eyJ1c2VySWQiOjIsImlhdCI6MTczOTY2OTYwNCwiZXhwIjoxNzM5NzU2MDA0fQ.uK0ZuXUAXgDiqlKIJ0ZDRjpuPoqcdAvSZJKPN87eIIU','2025-02-17 01:33:25','2025-02-16 01:33:24'),(21,2,'eyJhbGciOiJIUzI1NiIsInR5cCI6IkpXVCJ9.eyJ1c2VySWQiOjIsImlhdCI6MTczOTY2OTY3NiwiZXhwIjoxNzM5NzU2MDc2fQ.JmUNrlH6VemVGxbI1dAlqRWFHtZfeXe5hq1HXl_jhlw','2025-02-17 01:34:36','2025-02-16 01:34:36'),(22,11,'eyJhbGciOiJIUzI1NiIsInR5cCI6IkpXVCJ9.eyJ1c2VySWQiOjExLCJpYXQiOjE3Mzk2Njk2ODksImV4cCI6MTczOTc1NjA4OX0.vQSqBliDDM5c2-PT7Jfe_egJ72m5R93ZiE69SY52pOE','2025-02-17 01:34:50','2025-02-16 01:34:49'),(23,12,'eyJhbGciOiJIUzI1NiIsInR5cCI6IkpXVCJ9.eyJ1c2VySWQiOjEyLCJpYXQiOjE3Mzk2Njk2OTYsImV4cCI6MTczOTc1NjA5Nn0.NYTQgxTeZRup4fctnIkwjut6B0-5tJdIIQY-XJRTbKc','2025-02-17 01:34:57','2025-02-16 01:34:56'),(24,12,'eyJhbGciOiJIUzI1NiIsInR5cCI6IkpXVCJ9.eyJ1c2VySWQiOjEyLCJpYXQiOjE3Mzk2Njk4MzgsImV4cCI6MTczOTc1NjIzOH0.XGdeBMZICkN0zpLQcAp9Z6fVkXF5UN4MoN75L-1s-Ms','2025-02-17 01:37:18','2025-02-16 01:37:18'),(25,2,'eyJhbGciOiJIUzI1NiIsInR5cCI6IkpXVCJ9.eyJ1c2VySWQiOjIsImlhdCI6MTczOTY2OTg0NCwiZXhwIjoxNzM5NzU2MjQ0fQ.TaOhy67MRvJXTaRc_K7U__q_S772dpRRI23n8R7u_7A','2025-02-17 01:37:25','2025-02-16 01:37:24'),(26,2,'eyJhbGciOiJIUzI1NiIsInR5cCI6IkpXVCJ9.eyJ1c2VySWQiOjIsImlhdCI6MTczOTY3MDE4NSwiZXhwIjoxNzM5NzU2NTg1fQ.zZJR34ERsLvZWoPPHhK6WAJIDM1Dbu67oHNpYR_zZa8','2025-02-17 01:43:06','2025-02-16 01:43:05'),(27,2,'eyJhbGciOiJIUzI1NiIsInR5cCI6IkpXVCJ9.eyJ1c2VySWQiOjIsImlhdCI6MTczOTY3MTA0MywiZXhwIjoxNzM5NzU3NDQzfQ.W6LoDyEYWiBBhVaKPzCmqlGEtk9pznUDZViM0vDHs64','2025-02-17 01:57:23','2025-02-16 01:57:23'),(28,2,'eyJhbGciOiJIUzI1NiIsInR5cCI6IkpXVCJ9.eyJ1c2VySWQiOjIsImlhdCI6MTczOTY3MTM5MiwiZXhwIjoxNzM5NzU3NzkyfQ.yIftsvqy4rMRy9IhIS7mFCxG2OpoYaOMoKR7PLvCQIo','2025-02-17 02:03:12','2025-02-16 02:03:12'),(29,2,'eyJhbGciOiJIUzI1NiIsInR5cCI6IkpXVCJ9.eyJ1c2VySWQiOjIsImlhdCI6MTczOTY3MTUzNiwiZXhwIjoxNzM5NzU3OTM2fQ.Jz7NbeWXG9NhrsZY4R9yegw9CcwSouh-w3NoAuY24yk','2025-02-17 02:05:37','2025-02-16 02:05:36'),(30,2,'eyJhbGciOiJIUzI1NiIsInR5cCI6IkpXVCJ9.eyJ1c2VySWQiOjIsImlhdCI6MTczOTY3MTYzNSwiZXhwIjoxNzM5NzU4MDM1fQ.nZTcNqV17sHvGPtITc5ROAYJYKhawqEiIhSlYetdmu0','2025-02-17 02:07:15','2025-02-16 02:07:15'),(31,2,'eyJhbGciOiJIUzI1NiIsInR5cCI6IkpXVCJ9.eyJ1c2VySWQiOjIsImlhdCI6MTczOTY3MTg2NCwiZXhwIjoxNzM5NzU4MjY0fQ.Jzn7Z8Szoj2vEYS4r4eJUT8sX9LCB-v2MQB2eVCw9N8','2025-02-17 02:11:05','2025-02-16 02:11:04'),(32,2,'eyJhbGciOiJIUzI1NiIsInR5cCI6IkpXVCJ9.eyJ1c2VySWQiOjIsImlhdCI6MTczOTY3MjAyMCwiZXhwIjoxNzM5NzU4NDIwfQ.bHRQlmJd5A9gYxN-pQpzEYBETPmUryAerYD4H-IiflY','2025-02-17 02:13:40','2025-02-16 02:13:40'),(33,2,'eyJhbGciOiJIUzI1NiIsInR5cCI6IkpXVCJ9.eyJ1c2VySWQiOjIsImlhdCI6MTczOTY3NDE0OSwiZXhwIjoxNzM5NzYwNTQ5fQ.rGMZz_O-gCQouoS_2VrlukuFgkLh2kNkex3RKeUsTtM','2025-02-17 02:49:09','2025-02-16 02:49:09'),(34,2,'eyJhbGciOiJIUzI1NiIsInR5cCI6IkpXVCJ9.eyJ1c2VySWQiOjIsImlhdCI6MTczOTY3NDk5NCwiZXhwIjoxNzM5NzYxMzk0fQ.mUVRdMdyPFzIRbz38mCU0_W1JY5TPR17g3gwdjXwcuw','2025-02-17 03:03:14','2025-02-16 03:03:14'),(35,2,'eyJhbGciOiJIUzI1NiIsInR5cCI6IkpXVCJ9.eyJ1c2VySWQiOjIsImlhdCI6MTczOTY3NTExNSwiZXhwIjoxNzM5NzYxNTE1fQ.GLMW6Vn822iSVJ-VfBXphbVnqoWYDTHUzer_PBR1rnc','2025-02-17 03:05:15','2025-02-16 03:05:15'),(36,12,'eyJhbGciOiJIUzI1NiIsInR5cCI6IkpXVCJ9.eyJ1c2VySWQiOjEyLCJpYXQiOjE3Mzk2NzUxMjQsImV4cCI6MTczOTc2MTUyNH0.XF1URAp9M_8DVB_TW-73M3ujvS1dUEsJvfIRLYpbckk','2025-02-17 03:05:24','2025-02-16 03:05:24'),(37,11,'eyJhbGciOiJIUzI1NiIsInR5cCI6IkpXVCJ9.eyJ1c2VySWQiOjExLCJpYXQiOjE3Mzk2NzUxMzAsImV4cCI6MTczOTc2MTUzMH0.EzJQ7KWL6hVnbxC7Hh1zLSWyenF2JSU4KMyiEeD6FKI','2025-02-17 03:05:31','2025-02-16 03:05:30'),(38,12,'eyJhbGciOiJIUzI1NiIsInR5cCI6IkpXVCJ9.eyJ1c2VySWQiOjEyLCJpYXQiOjE3Mzk2NzUxMzgsImV4cCI6MTczOTc2MTUzOH0.nH-UOQukRgLI5AWSlSL_7W6p7_MiFKQHZZT1thkSy0c','2025-02-17 03:05:39','2025-02-16 03:05:38'),(39,12,'eyJhbGciOiJIUzI1NiIsInR5cCI6IkpXVCJ9.eyJ1c2VySWQiOjEyLCJpYXQiOjE3Mzk2NzUxNDQsImV4cCI6MTczOTc2MTU0NH0.75jRkaBKXhzsTNVLRJDLHKb07SMpVkyYjxwNUgBxX0w','2025-02-17 03:05:44','2025-02-16 03:05:44'),(40,12,'eyJhbGciOiJIUzI1NiIsInR5cCI6IkpXVCJ9.eyJ1c2VySWQiOjEyLCJpYXQiOjE3Mzk2NzUxNjcsImV4cCI6MTczOTc2MTU2N30.fXvHytzFVgLv1NMu2AyuVP7x_jEP2m-EqqNMoKcu9PM','2025-02-17 03:06:08','2025-02-16 03:06:07'),(41,12,'eyJhbGciOiJIUzI1NiIsInR5cCI6IkpXVCJ9.eyJ1c2VySWQiOjEyLCJpYXQiOjE3Mzk2NzUyMjIsImV4cCI6MTczOTc2MTYyMn0.QlSp13pO_HhJnehVtWr4wydUSobqAIWE11sjEgqD7FM','2025-02-17 03:07:03','2025-02-16 03:07:02'),(42,12,'eyJhbGciOiJIUzI1NiIsInR5cCI6IkpXVCJ9.eyJ1c2VySWQiOjEyLCJpYXQiOjE3Mzk2NzUzMzcsImV4cCI6MTczOTc2MTczN30.q7LndIqGR69iHXJwWzyEnrSrW9_58Y4J8HM2XJQMm1o','2025-02-17 03:08:58','2025-02-16 03:08:57'),(43,11,'eyJhbGciOiJIUzI1NiIsInR5cCI6IkpXVCJ9.eyJ1c2VySWQiOjExLCJpYXQiOjE3Mzk2NzU5NzksImV4cCI6MTczOTc2MjM3OX0.E_56J5sEXa40VMnhMxDO1o7O-AuJ35lee9qCMvcKu-s','2025-02-17 03:19:39','2025-02-16 03:19:39'),(44,2,'eyJhbGciOiJIUzI1NiIsInR5cCI6IkpXVCJ9.eyJ1c2VySWQiOjIsImlhdCI6MTczOTY3NTk4NCwiZXhwIjoxNzM5NzYyMzg0fQ.UsEN21w4JjumbexUxKAPD62oA5TD7UnyJ4rZIXHBQB8','2025-02-17 03:19:44','2025-02-16 03:19:44'),(45,12,'eyJhbGciOiJIUzI1NiIsInR5cCI6IkpXVCJ9.eyJ1c2VySWQiOjEyLCJpYXQiOjE3Mzk2NzU5ODksImV4cCI6MTczOTc2MjM4OX0.VVnE2rSa19jIahmMTYm3Hja24J-bfff8RaCb8cE51a8','2025-02-17 03:19:49','2025-02-16 03:19:49'),(46,12,'eyJhbGciOiJIUzI1NiIsInR5cCI6IkpXVCJ9.eyJ1c2VySWQiOjEyLCJpYXQiOjE3Mzk2NzYzNTQsImV4cCI6MTczOTc2Mjc1NH0.ZiT45dhJwymPJN1jopnZGAnKuxoKfKgYVWByrxywRk8','2025-02-17 03:25:54','2025-02-16 03:25:54'),(47,12,'eyJhbGciOiJIUzI1NiIsInR5cCI6IkpXVCJ9.eyJ1c2VySWQiOjEyLCJpYXQiOjE3Mzk2NzgwNDUsImV4cCI6MTczOTc2NDQ0NX0.z4pVKHkwxZuM-0O_uayEK_xYteBjl_LnLtDQsGkEhzE','2025-02-17 03:54:06','2025-02-16 03:54:05'),(48,11,'eyJhbGciOiJIUzI1NiIsInR5cCI6IkpXVCJ9.eyJ1c2VySWQiOjExLCJpYXQiOjE3Mzk2NzgxMDUsImV4cCI6MTczOTc2NDUwNX0.ikpixDhP4y8W1wp9U9ZGAlw5Am9tR7U-8jNCMdde7Po','2025-02-17 03:55:06','2025-02-16 03:55:05'),(49,11,'eyJhbGciOiJIUzI1NiIsInR5cCI6IkpXVCJ9.eyJ1c2VySWQiOjExLCJpYXQiOjE3Mzk2NzgxNjgsImV4cCI6MTczOTc2NDU2OH0.bwLO77oakQRYbLXi5nF1DDTI5DPjfdPIWKmBvRrXBeA','2025-02-17 03:56:08','2025-02-16 03:56:08'),(50,11,'eyJhbGciOiJIUzI1NiIsInR5cCI6IkpXVCJ9.eyJ1c2VySWQiOjExLCJpYXQiOjE3Mzk2NzgyMDYsImV4cCI6MTczOTc2NDYwNn0.6wt2TgXY0x660_BLHcM0zN9PhMiMxaCvq2LZQ3cLhCE','2025-02-17 03:56:46','2025-02-16 03:56:46'),(51,12,'eyJhbGciOiJIUzI1NiIsInR5cCI6IkpXVCJ9.eyJ1c2VySWQiOjEyLCJpYXQiOjE3Mzk2NzgyMTYsImV4cCI6MTczOTc2NDYxNn0.uo9aSk0Xd00uxUXPsKhMQbYpUk_r7plXYaLyyQcuI7k','2025-02-17 03:56:56','2025-02-16 03:56:56'),(52,11,'eyJhbGciOiJIUzI1NiIsInR5cCI6IkpXVCJ9.eyJ1c2VySWQiOjExLCJpYXQiOjE3Mzk2NzgyNDIsImV4cCI6MTczOTc2NDY0Mn0.Y-bUXrQgXAZYCxr8uZ9OH2j73HyPgDJ61KIz90Oxtnk','2025-02-17 03:57:22','2025-02-16 03:57:22'),(53,11,'eyJhbGciOiJIUzI1NiIsInR5cCI6IkpXVCJ9.eyJ1c2VySWQiOjExLCJpYXQiOjE3Mzk2NzgyNTEsImV4cCI6MTczOTc2NDY1MX0.OrSfUUBEkottIqncXfXx5kgg89pIvR7pvODeMriSk5Y','2025-02-17 03:57:32','2025-02-16 03:57:31'),(54,12,'eyJhbGciOiJIUzI1NiIsInR5cCI6IkpXVCJ9.eyJ1c2VySWQiOjEyLCJpYXQiOjE3Mzk2NzgyNTksImV4cCI6MTczOTc2NDY1OX0.YTK_f5X21k_vM7Nt5pZAYwe_UDRBl6qOd8H0TEkL5BI','2025-02-17 03:57:39','2025-02-16 03:57:39'),(55,12,'eyJhbGciOiJIUzI1NiIsInR5cCI6IkpXVCJ9.eyJ1c2VySWQiOjEyLCJpYXQiOjE3Mzk2Nzg0NDEsImV4cCI6MTczOTc2NDg0MX0.4pjrZLIkd50AwPW7wBArKhnq2RLy4cvaRN0lhSxs3m0','2025-02-17 04:00:42','2025-02-16 04:00:41'),(56,12,'eyJhbGciOiJIUzI1NiIsInR5cCI6IkpXVCJ9.eyJ1c2VySWQiOjEyLCJpYXQiOjE3Mzk2Nzg0NDUsImV4cCI6MTczOTc2NDg0NX0.S2bX3y-wdBPOXl5fueC6XyEmIcE83DaiolIc6mzNy3w','2025-02-17 04:00:46','2025-02-16 04:00:45'),(57,12,'eyJhbGciOiJIUzI1NiIsInR5cCI6IkpXVCJ9.eyJ1c2VySWQiOjEyLCJpYXQiOjE3Mzk2NzkxMDIsImV4cCI6MTczOTc2NTUwMn0.EGxZAOH89XAl38_j494gzZqqgA4HHINFnw2-Sm1cA2E','2025-02-17 04:11:43','2025-02-16 04:11:42'),(58,12,'eyJhbGciOiJIUzI1NiIsInR5cCI6IkpXVCJ9.eyJ1c2VySWQiOjEyLCJpYXQiOjE3Mzk2NzkxMzIsImV4cCI6MTczOTc2NTUzMn0.P1uBTQ6fE8umc0nVHNlnWL87Kg99lKunoR-yx23zcfk','2025-02-17 04:12:13','2025-02-16 04:12:12'),(59,11,'eyJhbGciOiJIUzI1NiIsInR5cCI6IkpXVCJ9.eyJ1c2VySWQiOjExLCJpYXQiOjE3Mzk2NzkxMzksImV4cCI6MTczOTc2NTUzOX0.Z1HcciRCEad0hfa_nkv4fLwycJfRplhoeP0LDJ_bE6w','2025-02-17 04:12:20','2025-02-16 04:12:19'),(60,2,'eyJhbGciOiJIUzI1NiIsInR5cCI6IkpXVCJ9.eyJ1c2VySWQiOjIsImlhdCI6MTczOTY3OTE0NCwiZXhwIjoxNzM5NzY1NTQ0fQ._FT5EijAbGg-NnGwqIPAEuzrHZYxsoic7sgQ9XQR8lM','2025-02-17 04:12:25','2025-02-16 04:12:24'),(61,2,'eyJhbGciOiJIUzI1NiIsInR5cCI6IkpXVCJ9.eyJ1c2VySWQiOjIsImlhdCI6MTczOTY3OTU2NiwiZXhwIjoxNzM5NzY1OTY2fQ.k6J7K1fBAi_aKm56_gvJIjGQ8V0bt55POZhvtzSorXE','2025-02-17 04:19:26','2025-02-16 04:19:26'),(62,12,'eyJhbGciOiJIUzI1NiIsInR5cCI6IkpXVCJ9.eyJ1c2VySWQiOjEyLCJpYXQiOjE3Mzk2Nzk1NzQsImV4cCI6MTczOTc2NTk3NH0.Ak7478vvJodAeoSzdiIl5Fa74ttu8cLRcuj8p6BDgIc','2025-02-17 04:19:35','2025-02-16 04:19:34'),(63,11,'eyJhbGciOiJIUzI1NiIsInR5cCI6IkpXVCJ9.eyJ1c2VySWQiOjExLCJpYXQiOjE3Mzk2Nzk1NzgsImV4cCI6MTczOTc2NTk3OH0.1lXTI5qCSo9yHyCv-Dp58ge2f8OOUG_VcPmzbjQo1E8','2025-02-17 04:19:39','2025-02-16 04:19:38'),(64,2,'eyJhbGciOiJIUzI1NiIsInR5cCI6IkpXVCJ9.eyJ1c2VySWQiOjIsImlhdCI6MTczOTY3OTU4NiwiZXhwIjoxNzM5NzY1OTg2fQ.YUpBVOTpNX77Rm-3_ulWPzFR2bMgYMDrqwLj05qpcRk','2025-02-17 04:19:47','2025-02-16 04:19:46'),(65,11,'eyJhbGciOiJIUzI1NiIsInR5cCI6IkpXVCJ9.eyJ1c2VySWQiOjExLCJpYXQiOjE3Mzk2Nzk2MDUsImV4cCI6MTczOTc2NjAwNX0.WrE8cyZigGD5hzDM6WKELunjK4qjRup4__RYn-3HbII','2025-02-17 04:20:06','2025-02-16 04:20:05'),(66,12,'eyJhbGciOiJIUzI1NiIsInR5cCI6IkpXVCJ9.eyJ1c2VySWQiOjEyLCJpYXQiOjE3Mzk2Nzk2MDksImV4cCI6MTczOTc2NjAwOX0.nzl8hnGCnEzb4zJerIB20fEqH8eTOrbsfb3-zfXmTRM','2025-02-17 04:20:10','2025-02-16 04:20:09'),(67,2,'eyJhbGciOiJIUzI1NiIsInR5cCI6IkpXVCJ9.eyJ1c2VySWQiOjIsImlhdCI6MTczOTY3OTYxNCwiZXhwIjoxNzM5NzY2MDE0fQ.hl78WxkodbLPCgMpcQ_ZzM9DX9KeLIU0CONpoJSdOTg','2025-02-17 04:20:15','2025-02-16 04:20:14'),(68,11,'eyJhbGciOiJIUzI1NiIsInR5cCI6IkpXVCJ9.eyJ1c2VySWQiOjExLCJpYXQiOjE3Mzk2Nzk2MTksImV4cCI6MTczOTc2NjAxOX0.H4h5KP_R_p1n1SEuCupQ-8f2Ksp57l2CIVxTEATI3YM','2025-02-17 04:20:19','2025-02-16 04:20:19'),(69,11,'eyJhbGciOiJIUzI1NiIsInR5cCI6IkpXVCJ9.eyJ1c2VySWQiOjExLCJpYXQiOjE3Mzk2ODAxMjMsImV4cCI6MTczOTc2NjUyM30.h8qiT349rMcqfl9Uk1KPLhgoa0qV7K1iLduxaiswdLg','2025-02-17 04:28:44','2025-02-16 04:28:43'),(70,2,'eyJhbGciOiJIUzI1NiIsInR5cCI6IkpXVCJ9.eyJ1c2VySWQiOjIsImlhdCI6MTczOTY4MDE5MCwiZXhwIjoxNzM5NzY2NTkwfQ.F9yGmDnRo2kMyGK9Tw1VRETgQ89QX0cdVa12S-4osRk','2025-02-17 04:29:51','2025-02-16 04:29:50'),(71,2,'eyJhbGciOiJIUzI1NiIsInR5cCI6IkpXVCJ9.eyJ1c2VySWQiOjIsImlhdCI6MTczOTY4MDI0MCwiZXhwIjoxNzM5NzY2NjQwfQ.3pOlxr6hweU2rXxySRVR-RlrNMG2oSnaI057dEBSyUM','2025-02-17 04:30:41','2025-02-16 04:30:40'),(72,12,'eyJhbGciOiJIUzI1NiIsInR5cCI6IkpXVCJ9.eyJ1c2VySWQiOjEyLCJpYXQiOjE3Mzk2ODAzMjgsImV4cCI6MTczOTc2NjcyOH0.9UddtLvbb6qrAMP2DD81RUwTqRAr32Q_9sA2NMxeWws','2025-02-17 04:32:09','2025-02-16 04:32:08'),(73,12,'eyJhbGciOiJIUzI1NiIsInR5cCI6IkpXVCJ9.eyJ1c2VySWQiOjEyLCJpYXQiOjE3Mzk2ODA0MjcsImV4cCI6MTczOTc2NjgyN30.1YrUwhjhaaGjR9gWa0LR3Igrs8XLgJrGMqXYpg9rUHs','2025-02-17 04:33:47','2025-02-16 04:33:47'),(74,12,'eyJhbGciOiJIUzI1NiIsInR5cCI6IkpXVCJ9.eyJ1c2VySWQiOjEyLCJpYXQiOjE3Mzk2ODE1NTQsImV4cCI6MTczOTc2Nzk1NH0.pdKQf4VTswS5yk40lz0ieP8BbMFQBxGt4Z6e0A_FzxI','2025-02-17 04:52:34','2025-02-16 04:52:34'),(75,12,'eyJhbGciOiJIUzI1NiIsInR5cCI6IkpXVCJ9.eyJ1c2VySWQiOjEyLCJpYXQiOjE3Mzk2ODE2MDcsImV4cCI6MTczOTc2ODAwN30.H_JEiI3a3-dIC7uxNQSWZCLnxEO125jwN6kpB3C6Fu4','2025-02-17 04:53:27','2025-02-16 04:53:27'),(76,2,'eyJhbGciOiJIUzI1NiIsInR5cCI6IkpXVCJ9.eyJ1c2VySWQiOjIsImlhdCI6MTczOTY4MTYxOSwiZXhwIjoxNzM5NzY4MDE5fQ.OvdRU4-P4HSULg-1ltPAwLUXNHCXK3ocpaiYZHVu7g0','2025-02-17 04:53:40','2025-02-16 04:53:39'),(77,2,'eyJhbGciOiJIUzI1NiIsInR5cCI6IkpXVCJ9.eyJ1c2VySWQiOjIsImlhdCI6MTczOTY4MTg2NiwiZXhwIjoxNzM5NzY4MjY2fQ.WadFRN1fvkhhzrZIC7I2FTRLS2-HNwi5O8RY2ZKqMXY','2025-02-17 04:57:46','2025-02-16 04:57:46'),(78,12,'eyJhbGciOiJIUzI1NiIsInR5cCI6IkpXVCJ9.eyJ1c2VySWQiOjEyLCJpYXQiOjE3Mzk2ODE4ODEsImV4cCI6MTczOTc2ODI4MX0.x0I_eqBjvd2N5w7QNbCr2tyShq1cXcAxWSPjiUg9S7w','2025-02-17 04:58:01','2025-02-16 04:58:01'),(79,11,'eyJhbGciOiJIUzI1NiIsInR5cCI6IkpXVCJ9.eyJ1c2VySWQiOjExLCJpYXQiOjE3Mzk2ODE4ODYsImV4cCI6MTczOTc2ODI4Nn0.ysncSwQa87DHMo9RUlAn-RCD0xyf54gW6I-fApXW4co','2025-02-17 04:58:06','2025-02-16 04:58:06'),(80,11,'eyJhbGciOiJIUzI1NiIsInR5cCI6IkpXVCJ9.eyJ1c2VySWQiOjExLCJpYXQiOjE3Mzk2ODE4OTQsImV4cCI6MTczOTc2ODI5NH0.58V4O6ntWpvz4cCTbpGn_xC598bxXbv0lWw-9s73tW8','2025-02-17 04:58:14','2025-02-16 04:58:14'),(81,11,'eyJhbGciOiJIUzI1NiIsInR5cCI6IkpXVCJ9.eyJ1c2VySWQiOjExLCJpYXQiOjE3Mzk3MTkzMzUsImV4cCI6MTczOTgwNTczNX0.QzWBuhT5fz8-9ndA-f4mm02Msp9XzC6mX7-5T3V3Rkw','2025-02-17 15:22:16','2025-02-16 15:22:15'),(82,11,'eyJhbGciOiJIUzI1NiIsInR5cCI6IkpXVCJ9.eyJ1c2VySWQiOjExLCJpYXQiOjE3Mzk3MTk5NTEsImV4cCI6MTczOTgwNjM1MX0.N1EP87JwYKBODFUYWkSw-orE2bnGmlwrXCrrk-olZNg','2025-02-17 15:32:32','2025-02-16 15:32:31'),(83,12,'eyJhbGciOiJIUzI1NiIsInR5cCI6IkpXVCJ9.eyJ1c2VySWQiOjEyLCJpYXQiOjE3Mzk3MTk5NzQsImV4cCI6MTczOTgwNjM3NH0.Y3HyJFS4rmmpYxzh4ARhxTxQHGeqcKGrxj4O3-NxH6I','2025-02-17 15:32:55','2025-02-16 15:32:54'),(84,12,'eyJhbGciOiJIUzI1NiIsInR5cCI6IkpXVCJ9.eyJ1c2VySWQiOjEyLCJpYXQiOjE3Mzk3MjAwNjQsImV4cCI6MTczOTgwNjQ2NH0.mm9F45LgPjRLzJ-qZ41byfRRZJ7t2FK0PgnGbVvA-1M','2025-02-17 15:34:24','2025-02-16 15:34:24'),(85,2,'eyJhbGciOiJIUzI1NiIsInR5cCI6IkpXVCJ9.eyJ1c2VySWQiOjIsImlhdCI6MTczOTcyMDA4MSwiZXhwIjoxNzM5ODA2NDgxfQ.J7SX0WSKMAaQCLrF-Y5mFFTaPO0H28pbOBA10Xn-xio','2025-02-17 15:34:42','2025-02-16 15:34:41'),(86,2,'eyJhbGciOiJIUzI1NiIsInR5cCI6IkpXVCJ9.eyJ1c2VySWQiOjIsImlhdCI6MTczOTcyMTAxMywiZXhwIjoxNzM5ODA3NDEzfQ.LSQ9zSusf23psmqaDuDfN7ycPOM2EsTZ8v7ayTNREDg','2025-02-17 15:50:13','2025-02-16 15:50:13'),(87,2,'eyJhbGciOiJIUzI1NiIsInR5cCI6IkpXVCJ9.eyJ1c2VySWQiOjIsImlhdCI6MTczOTcyMTExOSwiZXhwIjoxNzM5ODA3NTE5fQ.3TdH-aSukfiWYharIVx2I1o9J7Wzrwuu91MOD1Izrxo','2025-02-17 15:52:00','2025-02-16 15:51:59'),(88,2,'eyJhbGciOiJIUzI1NiIsInR5cCI6IkpXVCJ9.eyJ1c2VySWQiOjIsImlhdCI6MTczOTcyMTM0NSwiZXhwIjoxNzM5ODA3NzQ1fQ.c2Fph5UG7HFzUowqsOtPIJ-w0IgN3lI8xBJ1zTdFINo','2025-02-17 15:55:46','2025-02-16 15:55:45'),(89,11,'eyJhbGciOiJIUzI1NiIsInR5cCI6IkpXVCJ9.eyJ1c2VySWQiOjExLCJpYXQiOjE3Mzk3MjE0MzUsImV4cCI6MTczOTgwNzgzNX0.9m7FchMRq47Cw9evQWBHyFgpRSek2GyDXZ42xi8lvS0','2025-02-17 15:57:15','2025-02-16 15:57:15'),(90,11,'eyJhbGciOiJIUzI1NiIsInR5cCI6IkpXVCJ9.eyJ1c2VySWQiOjExLCJpYXQiOjE3Mzk3MjMyNjUsImV4cCI6MTczOTgwOTY2NX0.l9msJL9qJfAtUY_2mScB2ApravI708r-y1E2zX7ny7g','2025-02-17 16:27:45','2025-02-16 16:27:45'),(91,11,'eyJhbGciOiJIUzI1NiIsInR5cCI6IkpXVCJ9.eyJ1c2VySWQiOjExLCJpYXQiOjE3Mzk3MjMzMjIsImV4cCI6MTczOTgwOTcyMn0.MEeRuxF3qg5Meh3HglmBjGkIr5weKB7JZNdXVVKT1ls','2025-02-17 16:28:43','2025-02-16 16:28:42'),(92,2,'eyJhbGciOiJIUzI1NiIsInR5cCI6IkpXVCJ9.eyJ1c2VySWQiOjIsImlhdCI6MTczOTcyMzM1MCwiZXhwIjoxNzM5ODA5NzUwfQ.lS2TllLH_U8psGTq16ng59zEdWeSu8kKuWEQmAush7A','2025-02-17 16:29:10','2025-02-16 16:29:10'),(93,2,'eyJhbGciOiJIUzI1NiIsInR5cCI6IkpXVCJ9.eyJ1c2VySWQiOjIsImlhdCI6MTczOTcyMzc4MywiZXhwIjoxNzM5ODEwMTgzfQ.RUCim8CDaXsLkQ_elwBSM3fkUuGic70Zp7LTskKfMNc','2025-02-17 16:36:24','2025-02-16 16:36:23'),(94,2,'eyJhbGciOiJIUzI1NiIsInR5cCI6IkpXVCJ9.eyJ1c2VySWQiOjIsImlhdCI6MTc0MDAxMjA2OCwiZXhwIjoxNzQwMDk4NDY4fQ.o6ptTaduCA1lscmFS1_U5ou2rdVIAZKMmW3A4A5PlTk','2025-02-21 00:41:09','2025-02-20 00:41:08'),(95,2,'eyJhbGciOiJIUzI1NiIsInR5cCI6IkpXVCJ9.eyJ1c2VySWQiOjIsImlhdCI6MTc0MDAxMjMyNiwiZXhwIjoxNzQwMDk4NzI2fQ.72fjps4kh67xilBunorWGUXsi9DZMwGiXFY2lvR8ukg','2025-02-21 00:45:26','2025-02-20 00:45:26'),(96,2,'eyJhbGciOiJIUzI1NiIsInR5cCI6IkpXVCJ9.eyJ1c2VySWQiOjIsImlhdCI6MTc0MDAxMjYxMywiZXhwIjoxNzQwMDk5MDEzfQ.c43Hl5G28LQRvju3vR9pTuY3OkvwyZ35C0ARDT0VMd4','2025-02-21 00:50:14','2025-02-20 00:50:13'),(97,12,'eyJhbGciOiJIUzI1NiIsInR5cCI6IkpXVCJ9.eyJ1c2VySWQiOjEyLCJpYXQiOjE3NDAwMTQxMzAsImV4cCI6MTc0MDEwMDUzMH0.YIvjGPkkByR-YAAQbx_Z0zuajMhl5LbQSsIGmsF2YFQ','2025-02-21 01:15:30','2025-02-20 01:15:30'),(98,12,'eyJhbGciOiJIUzI1NiIsInR5cCI6IkpXVCJ9.eyJ1c2VySWQiOjEyLCJpYXQiOjE3NDAwMTQyMTgsImV4cCI6MTc0MDEwMDYxOH0.DJWP8HRPG11yLW6NCaOolR-SScG53fSzoDdN1q28Ano','2025-02-21 01:16:58','2025-02-20 01:16:58'),(99,12,'eyJhbGciOiJIUzI1NiIsInR5cCI6IkpXVCJ9.eyJ1c2VySWQiOjEyLCJpYXQiOjE3NDAwMTQ0MjUsImV4cCI6MTc0MDEwMDgyNX0.OmDdAplPkS7FbZgNsNBuW1WdIA0bgZaLRxED4q4KJpk','2025-02-21 01:20:26','2025-02-20 01:20:25'),(100,2,'eyJhbGciOiJIUzI1NiIsInR5cCI6IkpXVCJ9.eyJ1c2VySWQiOjIsImlhdCI6MTc0MDAxNDQ0OSwiZXhwIjoxNzQwMTAwODQ5fQ.wBZOxvs_Yn6hxX8JF3S2QXp4yp24tRLVQD49eQKm-Gw','2025-02-21 01:20:49','2025-02-20 01:20:49'),(101,2,'eyJhbGciOiJIUzI1NiIsInR5cCI6IkpXVCJ9.eyJ1c2VySWQiOjIsImlhdCI6MTc0MDAxNDc1MSwiZXhwIjoxNzQwMTAxMTUxfQ.w_7ncaWERsq3FPrgUs0vo4KzUOXYC-7CWX2n7ia5AmE','2025-02-21 01:25:51','2025-02-20 01:25:51'),(102,2,'eyJhbGciOiJIUzI1NiIsInR5cCI6IkpXVCJ9.eyJ1c2VySWQiOjIsImlhdCI6MTc0MDAxNzUyNCwiZXhwIjoxNzQwMTAzOTI0fQ.YQfny6FEXE6Ip330dAt_7BxrOGPVJuFkD2WbDlDLIDw','2025-02-21 02:12:04','2025-02-20 02:12:04'),(103,12,'eyJhbGciOiJIUzI1NiIsInR5cCI6IkpXVCJ9.eyJ1c2VySWQiOjEyLCJpYXQiOjE3NDAwMTc1MzQsImV4cCI6MTc0MDEwMzkzNH0.wLEoAsiA-YJIT2x9vjkO1sHnTO1iIGH8L8Ko4Og1TGc','2025-02-21 02:12:15','2025-02-20 02:12:14'),(104,11,'eyJhbGciOiJIUzI1NiIsInR5cCI6IkpXVCJ9.eyJ1c2VySWQiOjExLCJpYXQiOjE3NDAwMTc1NDIsImV4cCI6MTc0MDEwMzk0Mn0.mci5Jk5wEtV-Z6plnIiH4xaS31rNObJptEQfDkBz6L0','2025-02-21 02:12:23','2025-02-20 02:12:22'),(105,13,'eyJhbGciOiJIUzI1NiIsInR5cCI6IkpXVCJ9.eyJ1c2VySWQiOjEzLCJpYXQiOjE3NDAwMTgzNTcsImV4cCI6MTc0MDEwNDc1N30.hCcsOfwI5kEMhKFl1kHmZ-JO5SMU-hTu0XZ4pd2S2eI','2025-02-21 02:25:57','2025-02-20 02:25:57'),(106,2,'eyJhbGciOiJIUzI1NiIsInR5cCI6IkpXVCJ9.eyJ1c2VySWQiOjIsImlhdCI6MTc0MDAxODU2NCwiZXhwIjoxNzQwMTA0OTY0fQ.lYW7RdrVP8hA6mjcJvhDve340UZxdfPcQnF4ZwbQIsQ','2025-02-21 02:29:24','2025-02-20 02:29:24'),(107,2,'eyJhbGciOiJIUzI1NiIsInR5cCI6IkpXVCJ9.eyJ1c2VySWQiOjIsImlhdCI6MTc0MDAxOTE2NywiZXhwIjoxNzQwMTA1NTY3fQ.obP1Kx0lYOKPSFpo_FmPXUKQGyVbArMVgi7hNNxtxP4','2025-02-21 02:39:28','2025-02-20 02:39:27'),(108,2,'eyJhbGciOiJIUzI1NiIsInR5cCI6IkpXVCJ9.eyJ1c2VySWQiOjIsImlhdCI6MTc0MDA4MTc3NiwiZXhwIjoxNzQwMTY4MTc2fQ.ZrGuvZ1cOno2gv_U7gdoLWU0GTgfbD8Wjscc4dtQe5s','2025-02-21 20:02:57','2025-02-20 20:02:56'),(109,2,'eyJhbGciOiJIUzI1NiIsInR5cCI6IkpXVCJ9.eyJ1c2VySWQiOjIsImlhdCI6MTc0MDA4MjQwNiwiZXhwIjoxNzQwMTY4ODA2fQ.Mg8dt5BR01-5eQvOEGVLb_LXNyvIsDDnrdxQ5w6W56c','2025-02-21 20:13:26','2025-02-20 20:13:26'),(110,13,'eyJhbGciOiJIUzI1NiIsInR5cCI6IkpXVCJ9.eyJ1c2VySWQiOjEzLCJpYXQiOjE3NDAwODI0MTMsImV4cCI6MTc0MDE2ODgxM30.PMT280l3Cs39SqyXp32UrjaZwkjMIQTHC_zDAEvv6Sw','2025-02-21 20:13:33','2025-02-20 20:13:33'),(111,13,'eyJhbGciOiJIUzI1NiIsInR5cCI6IkpXVCJ9.eyJ1c2VySWQiOjEzLCJpYXQiOjE3NDAwODM1NDYsImV4cCI6MTc0MDE2OTk0Nn0.rxHLhu9JcJ9UW63_tkUHK75hyOYV54-Cl7y2QaW7JyQ','2025-02-21 20:32:27','2025-02-20 20:32:26'),(112,13,'eyJhbGciOiJIUzI1NiIsInR5cCI6IkpXVCJ9.eyJ1c2VySWQiOjEzLCJpYXQiOjE3NDAwODM4MDcsImV4cCI6MTc0MDE3MDIwN30.reb3djR0f3aMHyoUvYiy8ilpdDCsuotonhpeEBwo1K0','2025-02-21 20:36:47','2025-02-20 20:36:47'),(113,13,'eyJhbGciOiJIUzI1NiIsInR5cCI6IkpXVCJ9.eyJ1c2VySWQiOjEzLCJpYXQiOjE3NDAwODUyNTIsImV4cCI6MTc0MDE3MTY1Mn0.XZVg6n0fzFM0sx1CofNRJAKtIyydmtP69a537B7rrkA','2025-02-21 21:00:52','2025-02-20 21:00:52'),(114,2,'eyJhbGciOiJIUzI1NiIsInR5cCI6IkpXVCJ9.eyJ1c2VySWQiOjIsImlhdCI6MTc0MDA4NTQ3NCwiZXhwIjoxNzQwMTcxODc0fQ.Xx_fq_dT_-kBz-ut21Rnl2JniW1jKijDGG0jV5u6AeY','2025-02-21 21:04:34','2025-02-20 21:04:34'),(115,2,'eyJhbGciOiJIUzI1NiIsInR5cCI6IkpXVCJ9.eyJ1c2VySWQiOjIsImlhdCI6MTc0MDA5MjAzNCwiZXhwIjoxNzQwMTc4NDM0fQ.39r-qAo4K3EgYWddZ7IM9H29IbhzW8xJzB0k9WPHDXs','2025-02-21 22:53:54','2025-02-20 22:53:54'),(116,13,'eyJhbGciOiJIUzI1NiIsInR5cCI6IkpXVCJ9.eyJ1c2VySWQiOjEzLCJpYXQiOjE3NDAwOTIwNzgsImV4cCI6MTc0MDE3ODQ3OH0.o7DmJVxKgxhXQ3EPT948GxDCJnTVO7tVikK5nhEGXbQ','2025-02-21 22:54:39','2025-02-20 22:54:38'),(117,13,'eyJhbGciOiJIUzI1NiIsInR5cCI6IkpXVCJ9.eyJ1c2VySWQiOjEzLCJpYXQiOjE3NDAwOTMxMDEsImV4cCI6MTc0MDE3OTUwMX0.bHZyzqw7MBefZSOkOi_bTAjk10qg_DkXieZzqU9DRYM','2025-02-21 23:11:42','2025-02-20 23:11:41'),(118,13,'eyJhbGciOiJIUzI1NiIsInR5cCI6IkpXVCJ9.eyJ1c2VySWQiOjEzLCJpYXQiOjE3NDAwOTM0MTksImV4cCI6MTc0MDE3OTgxOX0.8i-3sHSIOd3cSlLPGdb3igPBhrqIwNwrzY7WTRceVDY','2025-02-21 23:17:00','2025-02-20 23:16:59'),(119,13,'eyJhbGciOiJIUzI1NiIsInR5cCI6IkpXVCJ9.eyJ1c2VySWQiOjEzLCJpYXQiOjE3NDAwOTQ4MDgsImV4cCI6MTc0MDE4MTIwOH0.YaiCYqtErrFvWIWJLFkc1PHEDEauOzX5iDwxHTHrn2E','2025-02-21 23:40:08','2025-02-20 23:40:08'),(120,2,'eyJhbGciOiJIUzI1NiIsInR5cCI6IkpXVCJ9.eyJ1c2VySWQiOjIsImlhdCI6MTc0MDA5NDgxNCwiZXhwIjoxNzQwMTgxMjE0fQ.wVyGgWPaxXMZNhSkh_U_TBXu4BpL4l_VgTreBR1rU5Q','2025-02-21 23:40:15','2025-02-20 23:40:14'),(121,13,'eyJhbGciOiJIUzI1NiIsInR5cCI6IkpXVCJ9.eyJ1c2VySWQiOjEzLCJpYXQiOjE3NDAwOTUwODUsImV4cCI6MTc0MDE4MTQ4NX0.QO7vle1tHCecAzLuA468gSgxzsmjnU2LpEjYWbGN0AI','2025-02-21 23:44:45','2025-02-20 23:44:45'),(122,13,'eyJhbGciOiJIUzI1NiIsInR5cCI6IkpXVCJ9.eyJ1c2VySWQiOjEzLCJpYXQiOjE3NDAwOTY2MjUsImV4cCI6MTc0MDE4MzAyNX0.LxXqPKFbqMQj7kxitp9FcoFDhkblnsIyFVJHquh4Sx4','2025-02-22 00:10:26','2025-02-21 00:10:25'),(123,2,'eyJhbGciOiJIUzI1NiIsInR5cCI6IkpXVCJ9.eyJ1c2VySWQiOjIsImlhdCI6MTc0MDE1Njk0OCwiZXhwIjoxNzQwMjQzMzQ4fQ.9jlHSjOv-6L9pBIYz3nGK1qRPZXQ0cBk0POlzDCXdhs','2025-02-22 16:55:49','2025-02-21 16:55:48'),(124,2,'eyJhbGciOiJIUzI1NiIsInR5cCI6IkpXVCJ9.eyJ1c2VySWQiOjIsImlhdCI6MTc0MDE1NzUxNSwiZXhwIjoxNzQwMjQzOTE1fQ.hC7bLtPPJSc8VmjGznLI2wTpGT3nBPVquC5v9hOObUk','2025-02-22 17:05:15','2025-02-21 17:05:15'),(125,13,'eyJhbGciOiJIUzI1NiIsInR5cCI6IkpXVCJ9.eyJ1c2VySWQiOjEzLCJpYXQiOjE3NDAxNTc1NjUsImV4cCI6MTc0MDI0Mzk2NX0.pjPzg-1DomCffg6mrWewCmxexYRCFXw44B2LY2GTNLQ','2025-02-22 17:06:06','2025-02-21 17:06:05'),(126,13,'eyJhbGciOiJIUzI1NiIsInR5cCI6IkpXVCJ9.eyJ1c2VySWQiOjEzLCJpYXQiOjE3NDAxNTgzNDcsImV4cCI6MTc0MDI0NDc0N30.YImJtcvyT-Q3g7DyELyqAW6WmbrtwF1x_ie6y_2hv4E','2025-02-22 17:19:08','2025-02-21 17:19:07'),(127,13,'eyJhbGciOiJIUzI1NiIsInR5cCI6IkpXVCJ9.eyJ1c2VySWQiOjEzLCJpYXQiOjE3NDAxNTkxMzcsImV4cCI6MTc0MDI0NTUzN30.9ZHgCQlVLEwsICfLQWPLBVzfQqSrbUDE6ImsCySOjJ4','2025-02-22 17:32:18','2025-02-21 17:32:17'),(128,2,'eyJhbGciOiJIUzI1NiIsInR5cCI6IkpXVCJ9.eyJ1c2VySWQiOjIsImlhdCI6MTc0MDE1OTE2OSwiZXhwIjoxNzQwMjQ1NTY5fQ.TVvKJ8yIk7abBiq5sohlCncHkiTJkMvH3c_DWpd6pz8','2025-02-22 17:32:50','2025-02-21 17:32:49'),(129,13,'eyJhbGciOiJIUzI1NiIsInR5cCI6IkpXVCJ9.eyJ1c2VySWQiOjEzLCJpYXQiOjE3NDAxNTkzOTIsImV4cCI6MTc0MDI0NTc5Mn0.hx2TubZXn4pw8LcQcmVLpX7zwnAqwmPalxqQwfgFa3c','2025-02-22 17:36:32','2025-02-21 17:36:32'),(130,2,'eyJhbGciOiJIUzI1NiIsInR5cCI6IkpXVCJ9.eyJ1c2VySWQiOjIsImlhdCI6MTc0MDE1OTYzOCwiZXhwIjoxNzQwMjQ2MDM4fQ.gzt3wSr-1SxGFuTsQD6uA64s0uqPbNzU-lLEUH8mcfE','2025-02-22 17:40:39','2025-02-21 17:40:38'),(131,13,'eyJhbGciOiJIUzI1NiIsInR5cCI6IkpXVCJ9.eyJ1c2VySWQiOjEzLCJpYXQiOjE3NDAxNTk4MjQsImV4cCI6MTc0MDI0NjIyNH0.YrjqKxpxnIQ5KsH9qvXWJntZBcdZmTqmH7C0Vwrhe8w','2025-02-22 17:43:45','2025-02-21 17:43:44'),(132,2,'eyJhbGciOiJIUzI1NiIsInR5cCI6IkpXVCJ9.eyJ1c2VySWQiOjIsImlhdCI6MTc0MDE2MDE5NCwiZXhwIjoxNzQwMjQ2NTk0fQ.w6ft66kLrxCvqpDB9lQ7anNbUnhdSM7txWmwvZ6UB3k','2025-02-22 17:49:55','2025-02-21 17:49:54'),(133,13,'eyJhbGciOiJIUzI1NiIsInR5cCI6IkpXVCJ9.eyJ1c2VySWQiOjEzLCJpYXQiOjE3NDAxNjAzMzUsImV4cCI6MTc0MDI0NjczNX0.MNHIeqRqqyRWvvZTHmdpz4Cu-Q__s0WgI3n0_3iL6Qo','2025-02-22 17:52:16','2025-02-21 17:52:15'),(134,2,'eyJhbGciOiJIUzI1NiIsInR5cCI6IkpXVCJ9.eyJ1c2VySWQiOjIsImlhdCI6MTc0MDE2MDM1NiwiZXhwIjoxNzQwMjQ2NzU2fQ.oT9lSJx0usc-f4Okz6lGSibCOcCjeT2RBVWQUn7ABvQ','2025-02-22 17:52:36','2025-02-21 17:52:36'),(135,2,'eyJhbGciOiJIUzI1NiIsInR5cCI6IkpXVCJ9.eyJ1c2VySWQiOjIsImlhdCI6MTc0MDE2MDc0MywiZXhwIjoxNzQwMjQ3MTQzfQ.JNlTYQv-zOUJR2P39xTQ9yZG5rFKc8XuifVTzcgZGdg','2025-02-22 17:59:03','2025-02-21 17:59:03'),(136,13,'eyJhbGciOiJIUzI1NiIsInR5cCI6IkpXVCJ9.eyJ1c2VySWQiOjEzLCJpYXQiOjE3NDAxNjA4NTAsImV4cCI6MTc0MDI0NzI1MH0.lOjImF5SWGKb-aa5dchI5j2uYYXKmPo28aIES3OghT8','2025-02-22 18:00:50','2025-02-21 18:00:50'),(137,2,'eyJhbGciOiJIUzI1NiIsInR5cCI6IkpXVCJ9.eyJ1c2VySWQiOjIsImlhdCI6MTc0MDE2MDg2MiwiZXhwIjoxNzQwMjQ3MjYyfQ.S1sltdhXuRMeCE06I2RwPUJBUpZh7PuiGgbY0mDFB1g','2025-02-22 18:01:03','2025-02-21 18:01:02'),(138,2,'eyJhbGciOiJIUzI1NiIsInR5cCI6IkpXVCJ9.eyJ1c2VySWQiOjIsImlhdCI6MTc0MDE2MTIyMywiZXhwIjoxNzQwMjQ3NjIzfQ.2kfV43tQj3jue2AtYazryq2y39USk0VHc9Y82x_fUkU','2025-02-22 18:07:04','2025-02-21 18:07:03'),(139,2,'eyJhbGciOiJIUzI1NiIsInR5cCI6IkpXVCJ9.eyJ1c2VySWQiOjIsImlhdCI6MTc0MDE2MTcyNiwiZXhwIjoxNzQwMjQ4MTI2fQ.2nj646AzMGmghADsOKXeYXemiQVv5DM78jJ7Sh0D0PY','2025-02-22 18:15:26','2025-02-21 18:15:26'),(140,12,'eyJhbGciOiJIUzI1NiIsInR5cCI6IkpXVCJ9.eyJ1c2VySWQiOjEyLCJpYXQiOjE3NDAxNjU1MzYsImV4cCI6MTc0MDI1MTkzNn0.yyNp5CcC5r1IvxXxPmiHJo3KrOGBpSyiDN98e_r1CzU','2025-02-22 19:18:57','2025-02-21 19:18:56'),(141,12,'eyJhbGciOiJIUzI1NiIsInR5cCI6IkpXVCJ9.eyJ1c2VySWQiOjEyLCJpYXQiOjE3NDAxNjU2NzEsImV4cCI6MTc0MDI1MjA3MX0.5QSg1JH91ya0xSrDuyqn90kCwYO0wu1Fq3CPmLxvYa4','2025-02-22 19:21:12','2025-02-21 19:21:11'),(142,12,'eyJhbGciOiJIUzI1NiIsInR5cCI6IkpXVCJ9.eyJ1c2VySWQiOjEyLCJpYXQiOjE3NDAxNjU5NDEsImV4cCI6MTc0MDI1MjM0MX0.2o06n-htqDiVH3jo3ZsdsiGWXgeB1lfj3ZuPrFp86So','2025-02-22 19:25:41','2025-02-21 19:25:41'),(143,12,'eyJhbGciOiJIUzI1NiIsInR5cCI6IkpXVCJ9.eyJ1c2VySWQiOjEyLCJpYXQiOjE3NDAxNjY0ODUsImV4cCI6MTc0MDI1Mjg4NX0.dZAAGP7L45THHy34ylIdGt_AG3kx196I2mHxgH0V3-o','2025-02-22 19:34:45','2025-02-21 19:34:45'),(144,2,'eyJhbGciOiJIUzI1NiIsInR5cCI6IkpXVCJ9.eyJ1c2VySWQiOjIsImlhdCI6MTc0MDE2ODUwNywiZXhwIjoxNzQwMjU0OTA3fQ.l59Tro3Mw_xtiLXAVUmPRBZJgJgub-aESx3-rw7Gg5w','2025-02-22 20:08:27','2025-02-21 20:08:27'),(145,11,'eyJhbGciOiJIUzI1NiIsInR5cCI6IkpXVCJ9.eyJ1c2VySWQiOjExLCJpYXQiOjE3NDAxNjk4MDIsImV4cCI6MTc0MDI1NjIwMn0.ltLQNfE-Kz9fe3wp7UTuRsQeYG92wUHMaCmvm918f1k','2025-02-22 20:30:02','2025-02-21 20:30:02'),(146,12,'eyJhbGciOiJIUzI1NiIsInR5cCI6IkpXVCJ9.eyJpZCI6MTIsImlhdCI6MTc0MDE3NjA1NCwiZXhwIjoxNzQwMjYyNDU0fQ.6PHoZiMBEZdw3AmukMSDWlM7vJwpgh2KeFqA2lfH0jU','2025-02-22 22:14:15','2025-02-21 22:14:14'),(147,13,'eyJhbGciOiJIUzI1NiIsInR5cCI6IkpXVCJ9.eyJpZCI6MTMsImlhdCI6MTc0MDE3NjEzNCwiZXhwIjoxNzQwMjYyNTM0fQ.VioT28lXRKHbeevsUzc3C6NoGTYhJdGYT8gh2BYgXJI','2025-02-22 22:15:35','2025-02-21 22:15:34'),(148,13,'eyJhbGciOiJIUzI1NiIsInR5cCI6IkpXVCJ9.eyJpZCI6MTMsImlhdCI6MTc0MDE3NjU0MiwiZXhwIjoxNzQwMjYyOTQyfQ.BcBw4HONBnftCEClAq5YBobBu2PZ48O1SZvERDCTuCM','2025-02-22 22:22:22','2025-02-21 22:22:22'),(149,13,'eyJhbGciOiJIUzI1NiIsInR5cCI6IkpXVCJ9.eyJpZCI6MTMsImlhdCI6MTc0MDE3NjYyNiwiZXhwIjoxNzQwMjYzMDI2fQ.vSw9smF6seZQURIuYEeKEoIhchDBVjRjZMr-clXVrPk','2025-02-22 22:23:46','2025-02-21 22:23:46'),(150,2,'eyJhbGciOiJIUzI1NiIsInR5cCI6IkpXVCJ9.eyJpZCI6MiwiaWF0IjoxNzQwMTc2NjQ4LCJleHAiOjE3NDAyNjMwNDh9.Eaj4lnlYrAWmdj2dRHxzNSK-v7FG1sCuLiX5nZCh-_Y','2025-02-22 22:24:09','2025-02-21 22:24:08'),(151,2,'eyJhbGciOiJIUzI1NiIsInR5cCI6IkpXVCJ9.eyJpZCI6MiwiaWF0IjoxNzQwMTc2OTA0LCJleHAiOjE3NDAyNjMzMDR9.H21_5_VtwEBVFBbH8nzCihTGJsOnSGfUB0g3htyGHZ8','2025-02-22 22:28:25','2025-02-21 22:28:24'),(152,2,'eyJhbGciOiJIUzI1NiIsInR5cCI6IkpXVCJ9.eyJpZCI6MiwiaWF0IjoxNzQwMTc3MDExLCJleHAiOjE3NDAyNjM0MTF9.mxAv7r0UARO46WiFkdeCxgVLtoluXu0GAG8Le3H8VGM','2025-02-22 22:30:12','2025-02-21 22:30:11'),(153,2,'eyJhbGciOiJIUzI1NiIsInR5cCI6IkpXVCJ9.eyJpZCI6MiwiaWF0IjoxNzQwMTc3NTc1LCJleHAiOjE3NDAyNjM5NzV9.JLsVkP2svmiMWamjD9TnFzbJkfNsU_Hk7U8BaFih90s','2025-02-22 22:39:35','2025-02-21 22:39:35'),(154,2,'eyJhbGciOiJIUzI1NiIsInR5cCI6IkpXVCJ9.eyJpZCI6MiwiaWF0IjoxNzQwODQxODc0LCJleHAiOjE3NDA5MjgyNzR9.mUSO5HBGqs9sDTmW3Dlukumn9t3uuhhe0sxCGukjAR8','2025-03-02 15:11:15','2025-03-01 15:11:14'),(155,2,'eyJhbGciOiJIUzI1NiIsInR5cCI6IkpXVCJ9.eyJpZCI6MiwiaWF0IjoxNzQ1Nzk2NDIyLCJleHAiOjE3NDU4ODI4MjJ9.Qj72N71QdtzNt_dR-PKLizUO1rFULmP8gOsBhcPmV08','2025-04-28 23:27:02','2025-04-27 23:27:02');
/*!40000 ALTER TABLE `user_sessions` ENABLE KEYS */;
UNLOCK TABLES;

--
-- Table structure for table `users`
--

DROP TABLE IF EXISTS `users`;
/*!40101 SET @saved_cs_client     = @@character_set_client */;
/*!50503 SET character_set_client = utf8mb4 */;
CREATE TABLE `users` (
  `id` int NOT NULL AUTO_INCREMENT,
  `name` varchar(100) DEFAULT NULL,
  `email` varchar(100) DEFAULT NULL,
  `bio` text,
  `photo_url` text,
  `trust_score` decimal(3,2) DEFAULT '0.00',
  `password` varchar(255) NOT NULL,
  `phone` varchar(20) DEFAULT NULL,
  `is_verified` tinyint(1) DEFAULT '0',
  `role` enum('user','admin') DEFAULT 'user',
  PRIMARY KEY (`id`),
  UNIQUE KEY `email` (`email`),
  UNIQUE KEY `phone` (`phone`)
) ENGINE=InnoDB AUTO_INCREMENT=19 DEFAULT CHARSET=utf8mb4 COLLATE=utf8mb4_0900_ai_ci;
/*!40101 SET character_set_client = @saved_cs_client */;

--
-- Dumping data for table `users`
--

LOCK TABLES `users` WRITE;
/*!40000 ALTER TABLE `users` DISABLE KEYS */;
INSERT INTO `users` VALUES (1,'John Doe','johndoe@example.com','Software developer','http://example.com/photo.jpg',0.00,'',NULL,0,'user'),(2,'Simon Down','SimonDown@example.com','Analyst','http://example2.com/photo.jpg',0.00,'$2b$10$O6nTSfOgnmrI5H2SQyCVMOi8fF9YZBM6/L4BUJEdhsFhBX/k9JvVm',NULL,0,'user'),(3,'Fox News','foxnews@example.com','Software Developer','https://example.com/photo.jpg',0.00,'$2b$10$7177/qlmcZ0/NI.mjDWIs.j2poNV8zNtDF7B815WJRKALD6vnNtu.',NULL,0,'user'),(4,'Emma Johnson','emma.johnson@example.com','Front-end developer with a passion for UI/UX design. Loves to create beautiful and intuitive interfaces.','https://example.com/images/emma-photo.jpg',0.00,'$2b$10$MmugGdIfb8xoJAucTGApNOOn8F0bDf46OXbrUHgZkMbC/K/2pCPZq',NULL,0,'user'),(5,'Michael Smith','michael.smith@example.com','Software engineer with 5+ years of experience in backend development. Strong in Node.js and database management.','https://example.com/images/michael-photo.jpg',0.00,'$2b$10$xIxqaCEOIn/0DlL88K5eze8LExySKvs1ZXRkwse8chHSi05j5602i',NULL,0,'user'),(6,'Sophia Williams','sophia.williams@example.com','Product manager at a tech startup. Loves building great products and working closely with development teams to turn ideas into reality.','https://example.com/images/sophia-photo.jpg',0.00,'$2b$10$g82G1I1D9CpczNN6iyOMxOPNygvoXknFm4M0LbJRnygV.ZU0TScme',NULL,0,'user'),(9,'Sonia Taku','sont@example.com','P manager at a tech startup.','https://example.com/images/sophia-photo.jpg',0.00,'$2b$10$tMwLkAIu49sfc2VJ2G.0ZuMJnXklbSV08NQL9AbQcYp0jCs15b2/6',NULL,0,'user'),(10,'ha','ha@yahoo.com','I work for a living','https://example.com/images/ha-photo.jpg',0.00,'$2b$10$HjPVcytxokc6S0TzOUsvD.ngMWWKLWb17mCqaupkNQc22Pqpcyqhu',NULL,0,'user'),(11,'ya','ya@yahoo.com',NULL,NULL,0.00,'$2b$10$socGZGCpqNOq8WPKPVgi2O4ypVNhDlT9yG7JUXuHIpr/tvWEvuBq.',NULL,0,'admin'),(12,'Test User','test@example.com',NULL,NULL,0.00,'$2b$10$EG6xRbMYHpTHYDQ7vUvZ5.oX0r8Dsk6qoT8pkYtS53FHKjxUsickS',NULL,0,'user'),(13,'Simple Pharma','simple@yahoo.com',NULL,NULL,0.00,'$2b$10$E9dbfn4Kb8vA1OjIzMXteO6ViqDJSEj0YtzKgmPmSe0FzZJe2G2Uq',NULL,0,'user');
/*!40000 ALTER TABLE `users` ENABLE KEYS */;
UNLOCK TABLES;

--
-- Table structure for table `verifications`
--

DROP TABLE IF EXISTS `verifications`;
/*!40101 SET @saved_cs_client     = @@character_set_client */;
/*!50503 SET character_set_client = utf8mb4 */;
CREATE TABLE `verifications` (
  `id` int NOT NULL AUTO_INCREMENT,
  `user_id` int DEFAULT NULL,
  `verification_type` varchar(50) DEFAULT NULL,
  `status` varchar(20) DEFAULT NULL,
  `created_at` timestamp NULL DEFAULT CURRENT_TIMESTAMP,
  PRIMARY KEY (`id`),
  KEY `user_id` (`user_id`),
  KEY `idx_verification_status` (`status`),
  CONSTRAINT `verifications_ibfk_1` FOREIGN KEY (`user_id`) REFERENCES `users` (`id`)
) ENGINE=InnoDB AUTO_INCREMENT=6 DEFAULT CHARSET=utf8mb4 COLLATE=utf8mb4_0900_ai_ci;
/*!40101 SET character_set_client = @saved_cs_client */;

--
-- Dumping data for table `verifications`
--

LOCK TABLES `verifications` WRITE;
/*!40000 ALTER TABLE `verifications` DISABLE KEYS */;
INSERT INTO `verifications` VALUES (1,12,'EMAIL','VERIFIED','2025-01-31 15:24:58'),(2,12,'PHONE','VERIFIED','2025-01-31 15:24:58'),(3,12,'ID','VERIFIED','2025-01-31 15:24:58'),(4,12,'ADDRESS','VERIFIED','2025-01-31 15:24:58'),(5,12,'EMAIL','VERIFIED','2025-02-10 23:44:50');
/*!40000 ALTER TABLE `verifications` ENABLE KEYS */;
UNLOCK TABLES;
/*!40103 SET TIME_ZONE=@OLD_TIME_ZONE */;

/*!40101 SET SQL_MODE=@OLD_SQL_MODE */;
/*!40014 SET FOREIGN_KEY_CHECKS=@OLD_FOREIGN_KEY_CHECKS */;
/*!40014 SET UNIQUE_CHECKS=@OLD_UNIQUE_CHECKS */;
/*!40101 SET CHARACTER_SET_CLIENT=@OLD_CHARACTER_SET_CLIENT */;
/*!40101 SET CHARACTER_SET_RESULTS=@OLD_CHARACTER_SET_RESULTS */;
/*!40101 SET COLLATION_CONNECTION=@OLD_COLLATION_CONNECTION */;
/*!40111 SET SQL_NOTES=@OLD_SQL_NOTES */;

-- Dump completed on 2025-04-28  1:10:54
